CREATE DATABASE  IF NOT EXISTS `ospedale` /*!40100 DEFAULT CHARACTER SET utf8mb4 COLLATE utf8mb4_0900_ai_ci */;
USE `ospedale`;
-- MySQL dump 10.13  Distrib 8.0.13, for Win64 (x86_64)
--
-- Host: localhost    Database: ospedale
-- ------------------------------------------------------
-- Server version	8.0.13

/*!40101 SET @OLD_CHARACTER_SET_CLIENT=@@CHARACTER_SET_CLIENT */;
/*!40101 SET @OLD_CHARACTER_SET_RESULTS=@@CHARACTER_SET_RESULTS */;
/*!40101 SET @OLD_COLLATION_CONNECTION=@@COLLATION_CONNECTION */;
 SET NAMES utf8 ;
/*!40103 SET @OLD_TIME_ZONE=@@TIME_ZONE */;
/*!40103 SET TIME_ZONE='+00:00' */;
/*!40014 SET @OLD_UNIQUE_CHECKS=@@UNIQUE_CHECKS, UNIQUE_CHECKS=0 */;
/*!40014 SET @OLD_FOREIGN_KEY_CHECKS=@@FOREIGN_KEY_CHECKS, FOREIGN_KEY_CHECKS=0 */;
/*!40101 SET @OLD_SQL_MODE=@@SQL_MODE, SQL_MODE='NO_AUTO_VALUE_ON_ZERO' */;
/*!40111 SET @OLD_SQL_NOTES=@@SQL_NOTES, SQL_NOTES=0 */;

--
-- Table structure for table `amministratore`
--

DROP TABLE IF EXISTS `amministratore`;
/*!40101 SET @saved_cs_client     = @@character_set_client */;
 SET character_set_client = utf8mb4 ;
CREATE TABLE `amministratore` (
  `ID` int(10) unsigned NOT NULL AUTO_INCREMENT,
  `nome` varchar(100) NOT NULL,
  `cognome` varchar(100) NOT NULL,
  `identificativo` varchar(10) NOT NULL,
  PRIMARY KEY (`ID`),
  UNIQUE KEY `identificativo` (`identificativo`)
) ENGINE=InnoDB AUTO_INCREMENT=6 DEFAULT CHARSET=utf8mb4 COLLATE=utf8mb4_0900_ai_ci;
/*!40101 SET character_set_client = @saved_cs_client */;

--
-- Dumping data for table `amministratore`
--

LOCK TABLES `amministratore` WRITE;
/*!40000 ALTER TABLE `amministratore` DISABLE KEYS */;
INSERT INTO `amministratore` VALUES (1,'thomas','moretti','moro'),(2,'erika','biondi','eribio'),(3,'miriana','pompilio','miripom'),(4,'giulia','scoccia','giuliasco'),(5,'marzia','piccirilli','marzipicci');
/*!40000 ALTER TABLE `amministratore` ENABLE KEYS */;
UNLOCK TABLES;

--
-- Table structure for table `amministrazione`
--

DROP TABLE IF EXISTS `amministrazione`;
/*!40101 SET @saved_cs_client     = @@character_set_client */;
 SET character_set_client = utf8mb4 ;
CREATE TABLE `amministrazione` (
  `IDamministratore` int(10) unsigned NOT NULL,
  `IDedificio` int(10) unsigned NOT NULL,
  KEY `amministrazione_amministratore` (`IDamministratore`),
  KEY `amministrazione_edificio` (`IDedificio`),
  CONSTRAINT `amministrazione_amministratore` FOREIGN KEY (`IDamministratore`) REFERENCES `amministratore` (`id`),
  CONSTRAINT `amministrazione_edificio` FOREIGN KEY (`IDedificio`) REFERENCES `edificio` (`id`)
) ENGINE=InnoDB DEFAULT CHARSET=utf8mb4 COLLATE=utf8mb4_0900_ai_ci;
/*!40101 SET character_set_client = @saved_cs_client */;

--
-- Dumping data for table `amministrazione`
--

LOCK TABLES `amministrazione` WRITE;
/*!40000 ALTER TABLE `amministrazione` DISABLE KEYS */;
/*!40000 ALTER TABLE `amministrazione` ENABLE KEYS */;
UNLOCK TABLES;

--
-- Table structure for table `area`
--

DROP TABLE IF EXISTS `area`;
/*!40101 SET @saved_cs_client     = @@character_set_client */;
 SET character_set_client = utf8mb4 ;
CREATE TABLE `area` (
  `ID` int(10) unsigned NOT NULL AUTO_INCREMENT,
  `IDedificio` int(10) unsigned NOT NULL,
  `nome` varchar(100) NOT NULL,
  `piano` tinyint(4) DEFAULT NULL,
  `priorita` enum('bassa','alta') DEFAULT 'bassa',
  PRIMARY KEY (`ID`),
  KEY `area_edificio` (`IDedificio`),
  CONSTRAINT `area_edificio` FOREIGN KEY (`IDedificio`) REFERENCES `edificio` (`id`) ON UPDATE CASCADE
) ENGINE=InnoDB AUTO_INCREMENT=50 DEFAULT CHARSET=utf8mb4 COLLATE=utf8mb4_0900_ai_ci;
/*!40101 SET character_set_client = @saved_cs_client */;

--
-- Dumping data for table `area`
--

LOCK TABLES `area` WRITE;
/*!40000 ALTER TABLE `area` DISABLE KEYS */;
INSERT INTO `area` VALUES (1,1,'Uffici',0,'bassa'),(2,1,'Punto informazioni',0,'bassa'),(3,1,'Centro Prelievi',0,'bassa'),(4,1,'Medicina interna',1,'bassa'),(5,1,'Sala operatoria',1,'bassa'),(6,1,'Gastroenterologia',1,'bassa'),(7,1,'Magazzino',2,'bassa'),(8,1,'Lab. Analisi',2,'bassa'),(9,1,'Centro Sterilizzazione',2,'bassa'),(10,2,'Maxillofacciale',0,'bassa'),(11,2,'Oculistica',0,'bassa'),(12,2,'Dermatologia',0,'bassa'),(13,2,'Sala operatoria 2',1,'bassa'),(14,2,'Cardiologia',1,'bassa'),(15,2,'Rianimazione',1,'bassa'),(16,2,'Terapia Intensiva',1,'bassa'),(17,2,'Magazzino 2',2,'bassa'),(18,2,'Centro Sterilizzazione 2',2,'bassa'),(19,2,'Neurochirurgia',2,'bassa'),(20,3,'Pediatria',0,'bassa'),(21,3,'Cardiologia Pediatrica',0,'bassa'),(22,3,'Pronto soccorso Pediatrico',0,'bassa'),(23,3,'Ginecologia',1,'bassa'),(24,3,'Sala parto',1,'bassa'),(25,3,'T.I.N.',1,'bassa'),(26,3,'Magazzino 3',2,'bassa'),(27,3,'Centro Sterilizzazione 3',2,'bassa'),(28,3,'Sala operatoria',2,'bassa'),(29,4,'Pronto soccorso',0,'bassa'),(30,4,'Punto informazioni',0,'bassa'),(31,4,'Radiologia',0,'bassa'),(32,4,'Ortopedia',1,'bassa'),(33,4,'Oncologia',1,'bassa'),(34,4,'Sala operatoria 4',1,'bassa'),(35,4,'Magazzino 4',2,'bassa'),(36,4,'Centro Sterilizzazione 4',2,'bassa'),(37,4,'Urologia',2,'bassa'),(38,5,'Geriatria',0,'bassa'),(39,5,'Pneumologia',0,'bassa'),(40,5,'Neurologia',0,'bassa'),(41,5,'Sala operatoria 5',1,'bassa'),(42,5,'Lungodegenza',1,'bassa'),(43,5,'Centro Dialisi',1,'bassa'),(44,5,'Magazzino 5',2,'bassa'),(45,5,'Centro Sterilizzazione 5',2,'bassa'),(46,5,'Psichiatria',2,'bassa'),(47,6,'Zone comuni',0,'bassa'),(48,7,'Zona cucina',0,'bassa'),(49,7,'Zona consumazione',0,'bassa');
/*!40000 ALTER TABLE `area` ENABLE KEYS */;
UNLOCK TABLES;

--
-- Table structure for table `dato`
--

DROP TABLE IF EXISTS `dato`;
/*!40101 SET @saved_cs_client     = @@character_set_client */;
 SET character_set_client = utf8mb4 ;
CREATE TABLE `dato` (
  `ID` int(10) unsigned NOT NULL AUTO_INCREMENT,
  `valore` int(11) NOT NULL,
  `IDsensore` int(10) unsigned NOT NULL,
  `data_rilevamento` datetime NOT NULL DEFAULT CURRENT_TIMESTAMP,
  PRIMARY KEY (`ID`),
  KEY `dato_sensore` (`IDsensore`),
  CONSTRAINT `dato_sensore` FOREIGN KEY (`IDsensore`) REFERENCES `sensore` (`id`)
) ENGINE=InnoDB AUTO_INCREMENT=4209 DEFAULT CHARSET=utf8mb4 COLLATE=utf8mb4_0900_ai_ci;
/*!40101 SET character_set_client = @saved_cs_client */;

--
-- Dumping data for table `dato`
--

LOCK TABLES `dato` WRITE;
/*!40000 ALTER TABLE `dato` DISABLE KEYS */;
INSERT INTO `dato` VALUES (14,21,1,'2019-01-09 17:08:19'),(15,85,2,'2019-01-09 17:08:19'),(16,60,3,'2019-01-09 17:08:19'),(17,50,4,'2019-01-09 17:08:19'),(18,71,5,'2019-01-09 17:08:19'),(19,89,6,'2019-01-09 17:08:19'),(20,27,7,'2019-01-09 17:08:19'),(21,85,8,'2019-01-09 17:08:19'),(22,16,9,'2019-01-09 17:08:19'),(23,13,10,'2019-01-09 17:08:20'),(24,21,1,'2019-01-09 17:10:53'),(25,47,5,'2019-01-09 17:10:53'),(26,56,5,'2019-01-09 17:10:53'),(27,54,8,'2019-01-09 17:10:53'),(28,98,2,'2019-01-09 17:10:53'),(29,77,9,'2019-01-09 17:10:53'),(30,16,8,'2019-01-09 17:10:53'),(31,28,8,'2019-01-09 17:10:53'),(32,59,1,'2019-01-09 17:10:53'),(33,13,5,'2019-01-09 17:10:53'),(34,21,1,'2019-01-09 17:50:35'),(35,97,7,'2019-01-09 17:50:35'),(36,16,1,'2019-01-09 17:51:35'),(37,13,3,'2019-01-09 17:52:35'),(39,89,2,'2019-01-09 17:54:36'),(40,17,7,'2019-01-09 17:55:36'),(41,29,8,'2019-01-09 17:56:36'),(42,90,1,'2019-01-09 17:57:36'),(43,2,9,'2019-01-09 17:58:36'),(44,21,1,'2019-01-09 18:18:43'),(45,79,1,'2019-01-09 18:18:43'),(46,43,1,'2019-01-09 18:18:53'),(47,21,1,'2019-01-09 18:19:04'),(48,11,1,'2019-01-09 18:19:14'),(49,75,1,'2019-01-09 18:19:24'),(50,93,1,'2019-01-09 18:19:34'),(51,36,1,'2019-01-09 18:19:44'),(52,41,1,'2019-01-09 18:19:54'),(53,21,1,'2019-01-09 18:22:29'),(54,83,1,'2019-01-09 18:22:29'),(55,20,2,'2019-01-09 18:22:39'),(56,21,1,'2019-01-09 18:24:06'),(57,44,1,'2019-01-09 18:24:06'),(58,80,2,'2019-01-09 18:24:16'),(59,98,1,'2019-01-09 18:24:26'),(60,2,2,'2019-01-09 18:24:36'),(61,41,1,'2019-01-09 18:24:46'),(62,28,2,'2019-01-09 18:24:56'),(63,69,1,'2019-01-09 18:25:07'),(64,21,1,'2019-01-09 18:29:13'),(65,75,1,'2019-01-09 18:29:13'),(66,68,2,'2019-01-09 18:29:13'),(67,89,1,'2019-01-09 18:29:23'),(68,34,2,'2019-01-09 18:29:24'),(69,41,1,'2019-01-09 18:29:34'),(70,0,2,'2019-01-09 18:29:34'),(71,94,1,'2019-01-09 18:29:44'),(72,70,2,'2019-01-09 18:29:44'),(73,79,1,'2019-01-09 18:29:54'),(74,3,2,'2019-01-09 18:29:54'),(75,61,1,'2019-01-09 18:30:04'),(76,8,2,'2019-01-09 18:30:04'),(77,29,1,'2019-01-09 18:30:14'),(78,70,2,'2019-01-09 18:30:14'),(79,71,1,'2019-01-09 18:30:24'),(80,24,2,'2019-01-09 18:30:24'),(81,6,1,'2019-01-09 18:30:34'),(82,95,2,'2019-01-09 18:30:34'),(83,21,1,'2019-01-09 18:37:38'),(84,56,1,'2019-01-09 18:37:38'),(85,61,2,'2019-01-09 18:37:38'),(86,98,3,'2019-01-09 18:37:38'),(87,66,4,'2019-01-09 18:37:38'),(88,3,5,'2019-01-09 18:37:38'),(89,90,6,'2019-01-09 18:37:38'),(90,48,7,'2019-01-09 18:37:38'),(91,75,8,'2019-01-09 18:37:38'),(92,46,9,'2019-01-09 18:37:38'),(93,3,1,'2019-01-09 18:37:43'),(94,54,2,'2019-01-09 18:37:43'),(95,16,3,'2019-01-09 18:37:43'),(96,65,4,'2019-01-09 18:37:43'),(97,4,5,'2019-01-09 18:37:43'),(98,11,6,'2019-01-09 18:37:43'),(99,61,7,'2019-01-09 18:37:43'),(100,79,8,'2019-01-09 18:37:43'),(101,93,9,'2019-01-09 18:37:43'),(102,5,1,'2019-01-09 18:37:49'),(103,5,2,'2019-01-09 18:37:49'),(104,63,3,'2019-01-09 18:37:49'),(105,94,4,'2019-01-09 18:37:49'),(106,92,5,'2019-01-09 18:37:49'),(107,59,6,'2019-01-09 18:37:49'),(108,27,7,'2019-01-09 18:37:49'),(109,8,8,'2019-01-09 18:37:49'),(110,63,9,'2019-01-09 18:37:49'),(111,68,1,'2019-01-09 18:37:54'),(112,82,2,'2019-01-09 18:37:54'),(113,38,3,'2019-01-09 18:37:54'),(114,25,4,'2019-01-09 18:37:54'),(115,87,5,'2019-01-09 18:37:54'),(116,65,6,'2019-01-09 18:37:54'),(117,85,7,'2019-01-09 18:37:54'),(118,18,8,'2019-01-09 18:37:54'),(119,34,9,'2019-01-09 18:37:54'),(120,25,1,'2019-01-09 18:37:59'),(121,75,2,'2019-01-09 18:37:59'),(122,20,3,'2019-01-09 18:37:59'),(123,77,4,'2019-01-09 18:37:59'),(124,70,5,'2019-01-09 18:37:59'),(125,59,6,'2019-01-09 18:37:59'),(126,66,7,'2019-01-09 18:37:59'),(127,92,8,'2019-01-09 18:37:59'),(128,89,9,'2019-01-09 18:37:59'),(129,5,1,'2019-01-09 18:38:04'),(130,21,2,'2019-01-09 18:38:04'),(131,93,3,'2019-01-09 18:38:04'),(132,71,4,'2019-01-09 18:38:04'),(133,48,5,'2019-01-09 18:38:04'),(134,95,6,'2019-01-09 18:38:04'),(135,95,7,'2019-01-09 18:38:04'),(136,94,8,'2019-01-09 18:38:04'),(137,32,9,'2019-01-09 18:38:05'),(138,85,1,'2019-01-09 18:38:10'),(139,20,2,'2019-01-09 18:38:10'),(140,83,3,'2019-01-09 18:38:10'),(141,72,4,'2019-01-09 18:38:10'),(142,70,5,'2019-01-09 18:38:10'),(143,60,6,'2019-01-09 18:38:10'),(144,60,7,'2019-01-09 18:38:10'),(145,92,8,'2019-01-09 18:38:10'),(146,52,9,'2019-01-09 18:38:10'),(147,0,1,'2019-01-09 18:38:15'),(148,90,2,'2019-01-09 18:38:15'),(149,72,3,'2019-01-09 18:38:15'),(150,50,4,'2019-01-09 18:38:15'),(151,27,5,'2019-01-09 18:38:15'),(152,74,6,'2019-01-09 18:38:15'),(153,16,7,'2019-01-09 18:38:15'),(154,30,8,'2019-01-09 18:38:15'),(155,89,9,'2019-01-09 18:38:15'),(156,77,1,'2019-01-09 18:38:20'),(157,87,2,'2019-01-09 18:38:20'),(158,21,3,'2019-01-09 18:38:20'),(159,0,4,'2019-01-09 18:38:20'),(160,94,5,'2019-01-09 18:38:20'),(161,16,6,'2019-01-09 18:38:20'),(162,30,7,'2019-01-09 18:38:20'),(163,64,8,'2019-01-09 18:38:20'),(164,23,9,'2019-01-09 18:38:20'),(165,4,1,'2019-01-09 18:38:25'),(166,43,2,'2019-01-09 18:38:25'),(167,71,3,'2019-01-09 18:38:25'),(168,63,4,'2019-01-09 18:38:25'),(169,98,5,'2019-01-09 18:38:25'),(170,2,6,'2019-01-09 18:38:25'),(171,3,7,'2019-01-09 18:38:26'),(172,4,8,'2019-01-09 18:38:26'),(173,68,9,'2019-01-09 18:38:26'),(174,21,1,'2019-01-09 19:05:21'),(175,96,1,'2019-01-09 19:05:21'),(176,2,2,'2019-01-09 19:05:21'),(177,61,3,'2019-01-09 19:05:21'),(178,95,4,'2019-01-09 19:05:21'),(179,79,5,'2019-01-09 19:05:21'),(180,58,6,'2019-01-09 19:05:21'),(181,10,7,'2019-01-09 19:05:21'),(182,12,8,'2019-01-09 19:05:21'),(183,15,9,'2019-01-09 19:05:21'),(184,75,1,'2019-01-09 19:05:26'),(185,61,2,'2019-01-09 19:05:26'),(186,0,3,'2019-01-09 19:05:26'),(187,78,4,'2019-01-09 19:05:26'),(188,81,5,'2019-01-09 19:05:26'),(189,63,6,'2019-01-09 19:05:26'),(190,0,7,'2019-01-09 19:05:26'),(191,52,8,'2019-01-09 19:05:26'),(192,84,9,'2019-01-09 19:05:26'),(193,89,1,'2019-01-09 19:05:31'),(194,48,2,'2019-01-09 19:05:31'),(195,87,3,'2019-01-09 19:05:31'),(196,81,4,'2019-01-09 19:05:31'),(197,72,5,'2019-01-09 19:05:31'),(198,12,6,'2019-01-09 19:05:31'),(199,92,7,'2019-01-09 19:05:31'),(200,30,8,'2019-01-09 19:05:31'),(201,43,9,'2019-01-09 19:05:31'),(202,75,1,'2019-01-09 19:05:36'),(203,61,2,'2019-01-09 19:05:36'),(204,9,3,'2019-01-09 19:05:37'),(205,15,4,'2019-01-09 19:05:37'),(206,1,5,'2019-01-09 19:05:37'),(207,84,6,'2019-01-09 19:05:37'),(208,22,7,'2019-01-09 19:05:37'),(209,18,8,'2019-01-09 19:05:37'),(210,11,9,'2019-01-09 19:05:37'),(211,40,1,'2019-01-09 19:05:42'),(212,41,2,'2019-01-09 19:05:42'),(213,45,3,'2019-01-09 19:05:42'),(214,12,4,'2019-01-09 19:05:42'),(215,98,5,'2019-01-09 19:05:42'),(216,59,6,'2019-01-09 19:05:42'),(217,9,7,'2019-01-09 19:05:42'),(218,67,8,'2019-01-09 19:05:42'),(219,88,9,'2019-01-09 19:05:42'),(220,77,1,'2019-01-09 19:05:47'),(221,49,2,'2019-01-09 19:05:47'),(222,23,3,'2019-01-09 19:05:47'),(223,17,4,'2019-01-09 19:05:47'),(224,68,5,'2019-01-09 19:05:47'),(225,33,6,'2019-01-09 19:05:47'),(226,90,7,'2019-01-09 19:05:47'),(227,94,8,'2019-01-09 19:05:47'),(228,37,9,'2019-01-09 19:05:47'),(229,46,1,'2019-01-09 19:05:52'),(230,24,2,'2019-01-09 19:05:52'),(231,62,3,'2019-01-09 19:05:52'),(232,62,4,'2019-01-09 19:05:52'),(233,26,5,'2019-01-09 19:05:52'),(234,95,6,'2019-01-09 19:05:52'),(235,83,7,'2019-01-09 19:05:52'),(236,77,8,'2019-01-09 19:05:52'),(237,28,9,'2019-01-09 19:05:52'),(238,21,1,'2019-01-09 19:06:14'),(239,20,1,'2019-01-09 19:06:14'),(240,28,2,'2019-01-09 19:06:14'),(241,77,3,'2019-01-09 19:06:14'),(242,37,4,'2019-01-09 19:06:15'),(243,21,5,'2019-01-09 19:06:15'),(244,87,6,'2019-01-09 19:06:15'),(245,97,7,'2019-01-09 19:06:15'),(246,85,8,'2019-01-09 19:06:15'),(247,2,9,'2019-01-09 19:06:15'),(248,21,1,'2019-01-12 19:17:10'),(249,11,1,'2019-01-12 19:17:10'),(250,83,2,'2019-01-12 19:17:10'),(251,12,3,'2019-01-12 19:17:10'),(252,62,4,'2019-01-12 19:17:10'),(253,33,5,'2019-01-12 19:17:10'),(254,73,6,'2019-01-12 19:17:10'),(255,98,7,'2019-01-12 19:17:10'),(256,84,8,'2019-01-12 19:17:10'),(257,97,9,'2019-01-12 19:17:10'),(258,47,1,'2019-01-12 19:17:15'),(259,27,2,'2019-01-12 19:17:15'),(260,17,3,'2019-01-12 19:17:15'),(261,15,4,'2019-01-12 19:17:15'),(262,55,5,'2019-01-12 19:17:15'),(263,76,6,'2019-01-12 19:17:15'),(264,68,7,'2019-01-12 19:17:15'),(265,73,8,'2019-01-12 19:17:15'),(266,19,9,'2019-01-12 19:17:15'),(267,21,1,'2019-01-14 12:11:40'),(268,51,1,'2019-01-14 12:11:40'),(269,21,2,'2019-01-14 12:11:40'),(270,2,3,'2019-01-14 12:11:40'),(271,88,4,'2019-01-14 12:11:40'),(272,12,5,'2019-01-14 12:11:40'),(273,76,6,'2019-01-14 12:11:40'),(274,88,7,'2019-01-14 12:11:40'),(275,56,8,'2019-01-14 12:11:40'),(276,3,9,'2019-01-14 12:11:40'),(277,1,1,'2019-01-14 12:11:45'),(278,55,2,'2019-01-14 12:11:45'),(279,61,3,'2019-01-14 12:11:45'),(280,47,4,'2019-01-14 12:11:45'),(281,75,5,'2019-01-14 12:11:45'),(282,66,6,'2019-01-14 12:11:45'),(283,96,7,'2019-01-14 12:11:45'),(284,34,8,'2019-01-14 12:11:45'),(285,29,9,'2019-01-14 12:11:45'),(286,48,1,'2019-01-14 12:11:50'),(287,29,2,'2019-01-14 12:11:50'),(288,54,3,'2019-01-14 12:11:50'),(289,16,4,'2019-01-14 12:11:50'),(290,23,5,'2019-01-14 12:11:50'),(291,82,6,'2019-01-14 12:11:50'),(292,69,7,'2019-01-14 12:11:51'),(293,19,8,'2019-01-14 12:11:51'),(294,51,9,'2019-01-14 12:11:51'),(295,21,1,'2019-01-14 12:35:40'),(296,20,1,'2019-01-14 12:35:40'),(297,5,2,'2019-01-14 12:35:41'),(298,22,3,'2019-01-14 12:35:41'),(299,0,4,'2019-01-14 12:35:41'),(300,5,5,'2019-01-14 12:35:41'),(301,12,6,'2019-01-14 12:35:41'),(302,0,7,'2019-01-14 12:35:41'),(303,47,8,'2019-01-14 12:35:41'),(304,75,9,'2019-01-14 12:35:41'),(305,84,1,'2019-01-14 12:35:46'),(306,3,2,'2019-01-14 12:35:46'),(307,19,3,'2019-01-14 12:35:46'),(308,68,4,'2019-01-14 12:35:46'),(309,28,5,'2019-01-14 12:35:46'),(310,37,6,'2019-01-14 12:35:46'),(311,29,7,'2019-01-14 12:35:46'),(312,73,8,'2019-01-14 12:35:46'),(313,66,9,'2019-01-14 12:35:46'),(314,21,1,'2019-01-14 12:37:57'),(315,1,1,'2019-01-14 12:37:57'),(316,18,2,'2019-01-14 12:37:57'),(317,45,3,'2019-01-14 12:37:57'),(318,30,4,'2019-01-14 12:37:57'),(319,61,5,'2019-01-14 12:37:57'),(320,25,6,'2019-01-14 12:37:57'),(321,4,7,'2019-01-14 12:37:57'),(322,60,8,'2019-01-14 12:37:57'),(323,31,9,'2019-01-14 12:37:57'),(324,21,1,'2019-01-14 14:36:56'),(325,99,1,'2019-01-14 14:36:56'),(326,62,2,'2019-01-14 14:36:56'),(327,11,3,'2019-01-14 14:36:56'),(328,60,4,'2019-01-14 14:36:57'),(329,47,5,'2019-01-14 14:36:57'),(330,53,6,'2019-01-14 14:36:57'),(331,86,7,'2019-01-14 14:36:57'),(332,65,8,'2019-01-14 14:36:57'),(333,90,9,'2019-01-14 14:36:57'),(334,75,1,'2019-01-14 16:14:32'),(335,75,2,'2019-01-14 16:14:32'),(336,75,3,'2019-01-14 16:14:32'),(337,75,4,'2019-01-14 16:14:32'),(338,75,5,'2019-01-14 16:14:33'),(339,75,6,'2019-01-14 16:14:33'),(340,75,7,'2019-01-14 16:14:33'),(341,75,8,'2019-01-14 16:14:33'),(342,75,9,'2019-01-14 16:14:33'),(343,66,1,'2019-01-14 16:14:33'),(344,66,2,'2019-01-14 16:14:33'),(345,66,3,'2019-01-14 16:14:33'),(346,66,4,'2019-01-14 16:14:33'),(347,66,5,'2019-01-14 16:14:33'),(348,66,6,'2019-01-14 16:14:33'),(349,66,7,'2019-01-14 16:14:33'),(350,66,8,'2019-01-14 16:14:33'),(351,66,9,'2019-01-14 16:14:33'),(352,98,1,'2019-01-14 16:14:33'),(353,98,2,'2019-01-14 16:14:33'),(354,98,3,'2019-01-14 16:14:33'),(355,98,4,'2019-01-14 16:14:33'),(356,98,5,'2019-01-14 16:14:33'),(357,98,6,'2019-01-14 16:14:33'),(358,98,7,'2019-01-14 16:14:33'),(359,98,8,'2019-01-14 16:14:33'),(360,98,9,'2019-01-14 16:14:33'),(361,52,1,'2019-01-14 16:19:36'),(362,50,2,'2019-01-14 16:19:36'),(363,98,3,'2019-01-14 16:19:36'),(364,65,4,'2019-01-14 16:19:36'),(365,47,5,'2019-01-14 16:19:36'),(366,77,6,'2019-01-14 16:19:36'),(367,31,7,'2019-01-14 16:19:36'),(368,24,8,'2019-01-14 16:19:36'),(369,63,9,'2019-01-14 16:19:36'),(370,75,1,'2019-01-14 16:19:36'),(371,19,2,'2019-01-14 16:19:36'),(372,55,3,'2019-01-14 16:19:37'),(373,72,4,'2019-01-14 16:19:37'),(374,64,5,'2019-01-14 16:19:37'),(375,36,6,'2019-01-14 16:19:37'),(376,60,7,'2019-01-14 16:19:37'),(377,14,8,'2019-01-14 16:19:37'),(378,37,9,'2019-01-14 16:19:37'),(379,79,1,'2019-01-14 16:19:37'),(380,37,2,'2019-01-14 16:19:37'),(381,81,3,'2019-01-14 16:19:37'),(382,34,4,'2019-01-14 16:19:37'),(383,26,5,'2019-01-14 16:19:37'),(384,75,6,'2019-01-14 16:19:37'),(385,57,7,'2019-01-14 16:19:37'),(386,97,8,'2019-01-14 16:19:37'),(387,75,9,'2019-01-14 16:19:37'),(388,1,1,'2019-01-14 16:23:41'),(389,72,2,'2019-01-14 16:23:41'),(390,78,3,'2019-01-14 16:23:41'),(391,38,1,'2019-01-14 16:23:41'),(392,86,2,'2019-01-14 16:23:41'),(393,12,3,'2019-01-14 16:23:41'),(394,50,1,'2019-01-14 16:23:41'),(395,61,2,'2019-01-14 16:23:41'),(396,9,3,'2019-01-14 16:23:41'),(397,78,1,'2019-01-14 16:26:51'),(398,29,2,'2019-01-14 16:26:51'),(399,50,3,'2019-01-14 16:26:51'),(400,58,1,'2019-01-14 16:26:51'),(401,68,2,'2019-01-14 16:26:51'),(402,67,3,'2019-01-14 16:26:51'),(403,65,1,'2019-01-14 16:26:51'),(404,95,2,'2019-01-14 16:26:51'),(405,69,3,'2019-01-14 16:26:51'),(406,92,1,'2019-01-14 17:05:35'),(407,52,2,'2019-01-14 17:05:35'),(408,26,3,'2019-01-14 17:05:35'),(409,48,1,'2019-01-14 17:05:40'),(410,69,2,'2019-01-14 17:05:40'),(411,4,3,'2019-01-14 17:05:40'),(412,83,1,'2019-01-14 17:05:45'),(413,67,2,'2019-01-14 17:05:45'),(414,64,3,'2019-01-14 17:05:45'),(415,5,1,'2019-01-15 09:48:41'),(416,61,2,'2019-01-15 09:48:41'),(417,78,3,'2019-01-15 09:48:41'),(418,91,1,'2019-01-15 09:48:46'),(419,27,2,'2019-01-15 09:48:46'),(420,10,3,'2019-01-15 09:48:46'),(421,42,1,'2019-01-15 09:48:51'),(422,36,2,'2019-01-15 09:48:51'),(423,93,3,'2019-01-15 09:48:51'),(424,22,1,'2019-01-15 09:53:16'),(425,81,2,'2019-01-15 09:53:16'),(426,24,3,'2019-01-15 09:53:16'),(427,27,1,'2019-01-15 09:53:21'),(428,27,2,'2019-01-15 09:53:22'),(429,45,3,'2019-01-15 09:53:22'),(430,23,1,'2019-01-15 09:53:27'),(431,18,2,'2019-01-15 09:53:27'),(432,51,3,'2019-01-15 09:53:27'),(433,62,1,'2019-01-15 10:18:25'),(434,43,2,'2019-01-15 10:18:25'),(435,38,3,'2019-01-15 10:18:25'),(436,9,1,'2019-01-15 10:18:30'),(437,61,2,'2019-01-15 10:18:30'),(438,12,3,'2019-01-15 10:18:30'),(439,66,1,'2019-01-15 10:18:35'),(440,77,2,'2019-01-15 10:18:35'),(441,57,3,'2019-01-15 10:18:35'),(442,38,1,'2019-01-15 17:59:10'),(443,75,2,'2019-01-15 17:59:10'),(444,73,3,'2019-01-15 17:59:10'),(445,17,1,'2019-01-15 17:59:20'),(446,86,2,'2019-01-15 17:59:20'),(447,24,3,'2019-01-15 17:59:20'),(448,49,1,'2019-01-15 17:59:30'),(449,91,2,'2019-01-15 17:59:30'),(450,37,3,'2019-01-15 17:59:30'),(451,62,1,'2019-01-17 11:31:27'),(452,75,2,'2019-01-17 11:31:27'),(453,13,3,'2019-01-17 11:31:27'),(454,22,1,'2019-01-17 11:31:37'),(455,50,2,'2019-01-17 11:31:37'),(456,64,3,'2019-01-17 11:31:37'),(457,44,1,'2019-01-17 11:31:47'),(458,49,2,'2019-01-17 11:31:47'),(459,60,3,'2019-01-17 11:31:47'),(460,32,1,'2019-01-17 11:31:57'),(461,68,2,'2019-01-17 11:31:57'),(462,50,3,'2019-01-17 11:31:57'),(463,38,1,'2019-01-17 11:45:54'),(464,24,2,'2019-01-17 11:45:55'),(465,67,3,'2019-01-17 11:45:55'),(466,33,1,'2019-01-17 11:46:36'),(467,62,2,'2019-01-17 11:46:36'),(468,68,3,'2019-01-17 11:46:36'),(469,42,1,'2019-01-17 11:46:46'),(470,7,2,'2019-01-17 11:46:46'),(471,42,3,'2019-01-17 11:46:46'),(472,95,1,'2019-01-17 11:46:56'),(473,20,2,'2019-01-17 11:46:57'),(474,12,3,'2019-01-17 11:46:57'),(475,72,1,'2019-01-17 11:47:07'),(476,31,2,'2019-01-17 11:47:07'),(477,74,3,'2019-01-17 11:47:07'),(478,83,1,'2019-01-17 11:47:17'),(479,15,2,'2019-01-17 11:47:17'),(480,71,3,'2019-01-17 11:47:17'),(481,56,1,'2019-01-17 11:47:27'),(482,79,2,'2019-01-17 11:47:27'),(483,66,3,'2019-01-17 11:47:27'),(484,82,2,'2019-01-17 12:29:38'),(485,38,3,'2019-01-17 12:29:39'),(486,44,4,'2019-01-17 12:29:39'),(487,61,2,'2019-01-17 12:29:49'),(488,45,3,'2019-01-17 12:29:49'),(489,68,4,'2019-01-17 12:29:49'),(490,74,2,'2019-01-17 12:29:59'),(491,25,3,'2019-01-17 12:29:59'),(492,76,4,'2019-01-17 12:29:59'),(493,79,2,'2019-01-17 12:30:09'),(494,33,3,'2019-01-17 12:30:09'),(495,46,4,'2019-01-17 12:30:09'),(496,34,2,'2019-01-17 12:31:46'),(497,59,3,'2019-01-17 12:31:46'),(498,78,4,'2019-01-17 12:31:46'),(499,76,2,'2019-01-17 12:31:56'),(500,52,3,'2019-01-17 12:31:56'),(501,17,4,'2019-01-17 12:31:56'),(502,19,2,'2019-01-17 12:32:06'),(503,13,3,'2019-01-17 12:32:06'),(504,82,4,'2019-01-17 12:32:06'),(505,45,2,'2019-01-17 12:32:16'),(506,15,3,'2019-01-17 12:32:16'),(507,37,4,'2019-01-17 12:32:17'),(508,19,2,'2019-01-17 12:32:27'),(509,55,3,'2019-01-17 12:32:27'),(510,24,4,'2019-01-17 12:32:27'),(511,58,2,'2019-01-17 12:35:02'),(512,39,3,'2019-01-17 12:35:02'),(513,53,2,'2019-01-17 12:35:12'),(514,17,3,'2019-01-17 12:35:12'),(515,39,2,'2019-01-17 12:35:22'),(516,96,3,'2019-01-17 12:35:22'),(517,30,2,'2019-01-17 12:35:32'),(518,82,3,'2019-01-17 12:35:32'),(519,45,2,'2019-01-17 12:38:14'),(520,0,3,'2019-01-17 12:38:14'),(521,41,2,'2019-01-17 12:38:24'),(522,10,3,'2019-01-17 12:38:24'),(523,5,2,'2019-01-17 12:38:34'),(524,90,3,'2019-01-17 12:38:34'),(525,70,1,'2019-01-17 12:46:56'),(526,86,2,'2019-01-17 12:46:56'),(527,37,3,'2019-01-17 12:46:56'),(528,1,1,'2019-01-17 12:47:06'),(529,79,2,'2019-01-17 12:47:06'),(530,33,3,'2019-01-17 12:47:06'),(531,60,1,'2019-01-17 12:47:16'),(532,59,2,'2019-01-17 12:47:16'),(533,81,3,'2019-01-17 12:47:16'),(534,64,1,'2019-01-17 12:48:48'),(535,55,2,'2019-01-17 12:48:48'),(536,58,3,'2019-01-17 12:48:48'),(537,53,1,'2019-01-17 12:48:58'),(538,18,2,'2019-01-17 12:48:59'),(539,13,3,'2019-01-17 12:48:59'),(540,91,1,'2019-01-17 12:49:09'),(541,34,2,'2019-01-17 12:49:09'),(542,10,3,'2019-01-17 12:49:09'),(543,70,1,'2019-01-17 14:11:11'),(544,98,2,'2019-01-17 14:11:11'),(545,29,3,'2019-01-17 14:11:11'),(546,38,4,'2019-01-17 14:11:12'),(547,39,5,'2019-01-17 14:11:12'),(548,56,6,'2019-01-17 14:11:12'),(549,82,1,'2019-01-17 14:11:22'),(550,68,2,'2019-01-17 14:11:22'),(551,43,3,'2019-01-17 14:11:22'),(552,14,4,'2019-01-17 14:11:22'),(553,73,5,'2019-01-17 14:11:22'),(554,33,6,'2019-01-17 14:11:22'),(555,9,1,'2019-01-17 14:11:32'),(556,16,2,'2019-01-17 14:11:32'),(557,1,3,'2019-01-17 14:11:32'),(558,71,4,'2019-01-17 14:11:32'),(559,84,5,'2019-01-17 14:11:32'),(560,68,6,'2019-01-17 14:11:32'),(561,68,1,'2019-01-17 14:11:42'),(562,13,2,'2019-01-17 14:11:42'),(563,45,3,'2019-01-17 14:11:42'),(564,86,4,'2019-01-17 14:11:42'),(565,9,5,'2019-01-17 14:11:42'),(566,11,6,'2019-01-17 14:11:42'),(567,51,1,'2019-01-17 15:12:39'),(568,66,2,'2019-01-17 15:12:39'),(569,81,3,'2019-01-17 15:12:40'),(570,7,4,'2019-01-17 15:12:40'),(571,60,5,'2019-01-17 15:12:40'),(572,30,6,'2019-01-17 15:12:40'),(573,97,7,'2019-01-17 15:12:40'),(574,16,8,'2019-01-17 15:12:40'),(575,1,9,'2019-01-17 15:12:40'),(576,17,10,'2019-01-17 15:12:40'),(577,38,11,'2019-01-17 15:12:40'),(578,12,12,'2019-01-17 15:12:40'),(579,24,13,'2019-01-17 15:12:40'),(580,33,14,'2019-01-17 15:12:40'),(581,19,15,'2019-01-17 15:12:40'),(582,44,16,'2019-01-17 15:12:40'),(583,69,17,'2019-01-17 15:12:40'),(584,66,18,'2019-01-17 15:12:40'),(585,74,1,'2019-01-17 15:12:50'),(586,72,2,'2019-01-17 15:12:50'),(587,49,3,'2019-01-17 15:12:50'),(588,46,4,'2019-01-17 15:12:50'),(589,89,5,'2019-01-17 15:12:50'),(590,22,6,'2019-01-17 15:12:50'),(591,38,7,'2019-01-17 15:12:50'),(592,48,8,'2019-01-17 15:12:50'),(593,65,9,'2019-01-17 15:12:50'),(594,95,10,'2019-01-17 15:12:50'),(595,49,11,'2019-01-17 15:12:50'),(596,47,12,'2019-01-17 15:12:50'),(597,0,13,'2019-01-17 15:12:50'),(598,66,14,'2019-01-17 15:12:50'),(599,37,15,'2019-01-17 15:12:50'),(600,73,16,'2019-01-17 15:12:50'),(601,61,17,'2019-01-17 15:12:50'),(602,26,18,'2019-01-17 15:12:50'),(603,28,1,'2019-01-17 15:13:00'),(604,79,2,'2019-01-17 15:13:00'),(605,70,3,'2019-01-17 15:13:00'),(606,1,4,'2019-01-17 15:13:00'),(607,87,5,'2019-01-17 15:13:00'),(608,53,6,'2019-01-17 15:13:00'),(609,8,7,'2019-01-17 15:13:00'),(610,14,8,'2019-01-17 15:13:00'),(611,1,9,'2019-01-17 15:13:00'),(612,6,10,'2019-01-17 15:13:00'),(613,36,11,'2019-01-17 15:13:01'),(614,70,12,'2019-01-17 15:13:01'),(615,14,13,'2019-01-17 15:13:01'),(616,41,14,'2019-01-17 15:13:01'),(617,74,15,'2019-01-17 15:13:01'),(618,93,16,'2019-01-17 15:13:01'),(619,53,17,'2019-01-17 15:13:01'),(620,30,18,'2019-01-17 15:13:01'),(621,58,1,'2019-01-17 15:13:11'),(622,23,2,'2019-01-17 15:13:11'),(623,46,3,'2019-01-17 15:13:11'),(624,10,4,'2019-01-17 15:13:11'),(625,98,5,'2019-01-17 15:13:11'),(626,20,6,'2019-01-17 15:13:11'),(627,7,7,'2019-01-17 15:13:11'),(628,97,8,'2019-01-17 15:13:11'),(629,62,9,'2019-01-17 15:13:11'),(630,71,10,'2019-01-17 15:13:11'),(631,21,11,'2019-01-17 15:13:11'),(632,94,12,'2019-01-17 15:13:11'),(633,45,13,'2019-01-17 15:13:11'),(634,30,14,'2019-01-17 15:13:11'),(635,87,15,'2019-01-17 15:13:11'),(636,38,16,'2019-01-17 15:13:11'),(637,24,17,'2019-01-17 15:13:11'),(638,43,18,'2019-01-17 15:13:11'),(639,64,1,'2019-01-17 15:13:21'),(640,74,2,'2019-01-17 15:13:21'),(641,41,3,'2019-01-17 15:13:21'),(642,14,4,'2019-01-17 15:13:21'),(643,8,5,'2019-01-17 15:13:21'),(644,15,6,'2019-01-17 15:13:21'),(645,62,7,'2019-01-17 15:13:21'),(646,8,8,'2019-01-17 15:13:21'),(647,23,9,'2019-01-17 15:13:21'),(648,57,10,'2019-01-17 15:13:21'),(649,9,11,'2019-01-17 15:13:21'),(650,25,12,'2019-01-17 15:13:21'),(651,26,13,'2019-01-17 15:13:21'),(652,74,14,'2019-01-17 15:13:21'),(653,4,15,'2019-01-17 15:13:21'),(654,33,16,'2019-01-17 15:13:21'),(655,61,17,'2019-01-17 15:13:21'),(656,12,18,'2019-01-17 15:13:21'),(657,98,1,'2019-01-17 15:15:29'),(658,39,2,'2019-01-17 15:15:29'),(659,72,3,'2019-01-17 15:15:29'),(660,24,4,'2019-01-17 15:15:29'),(661,73,5,'2019-01-17 15:15:29'),(662,66,6,'2019-01-17 15:15:29'),(663,3,7,'2019-01-17 15:15:29'),(664,46,8,'2019-01-17 15:15:29'),(665,82,9,'2019-01-17 15:15:29'),(666,37,10,'2019-01-17 15:15:29'),(667,60,11,'2019-01-17 15:15:29'),(668,53,12,'2019-01-17 15:15:29'),(669,12,13,'2019-01-17 15:15:29'),(670,35,14,'2019-01-17 15:15:29'),(671,46,15,'2019-01-17 15:15:29'),(672,27,16,'2019-01-17 15:15:29'),(673,14,17,'2019-01-17 15:15:29'),(674,92,18,'2019-01-17 15:15:29'),(675,74,1,'2019-01-17 15:15:39'),(676,26,2,'2019-01-17 15:15:39'),(677,82,3,'2019-01-17 15:15:40'),(678,42,4,'2019-01-17 15:15:40'),(679,75,5,'2019-01-17 15:15:40'),(680,71,6,'2019-01-17 15:15:40'),(681,35,7,'2019-01-17 15:15:40'),(682,86,8,'2019-01-17 15:15:40'),(683,52,9,'2019-01-17 15:15:40'),(684,77,10,'2019-01-17 15:15:40'),(685,43,11,'2019-01-17 15:15:40'),(686,20,12,'2019-01-17 15:15:40'),(687,57,13,'2019-01-17 15:15:40'),(688,17,14,'2019-01-17 15:15:40'),(689,56,15,'2019-01-17 15:15:40'),(690,36,16,'2019-01-17 15:15:40'),(691,7,17,'2019-01-17 15:15:40'),(692,19,18,'2019-01-17 15:15:40'),(693,33,1,'2019-01-17 15:15:50'),(694,95,2,'2019-01-17 15:15:50'),(695,96,3,'2019-01-17 15:15:50'),(696,76,4,'2019-01-17 15:15:50'),(697,41,5,'2019-01-17 15:15:50'),(698,45,6,'2019-01-17 15:15:50'),(699,39,7,'2019-01-17 15:15:50'),(700,33,8,'2019-01-17 15:15:50'),(701,3,9,'2019-01-17 15:15:50'),(702,62,10,'2019-01-17 15:15:50'),(703,72,11,'2019-01-17 15:15:50'),(704,35,12,'2019-01-17 15:15:50'),(705,89,13,'2019-01-17 15:15:50'),(706,43,14,'2019-01-17 15:15:50'),(707,81,15,'2019-01-17 15:15:50'),(708,24,16,'2019-01-17 15:15:50'),(709,9,17,'2019-01-17 15:15:50'),(710,16,18,'2019-01-17 15:15:50'),(711,70,1,'2019-01-17 15:16:00'),(712,44,2,'2019-01-17 15:16:00'),(713,54,3,'2019-01-17 15:16:00'),(714,87,4,'2019-01-17 15:16:00'),(715,85,5,'2019-01-17 15:16:00'),(716,79,6,'2019-01-17 15:16:00'),(717,23,7,'2019-01-17 15:16:00'),(718,82,8,'2019-01-17 15:16:00'),(719,1,9,'2019-01-17 15:16:00'),(720,94,10,'2019-01-17 15:16:00'),(721,58,11,'2019-01-17 15:16:01'),(722,83,12,'2019-01-17 15:16:01'),(723,58,13,'2019-01-17 15:16:01'),(724,25,14,'2019-01-17 15:16:01'),(725,20,15,'2019-01-17 15:16:01'),(726,52,16,'2019-01-17 15:16:01'),(727,44,17,'2019-01-17 15:16:01'),(728,47,18,'2019-01-17 15:16:01'),(729,41,1,'2019-01-17 15:21:02'),(730,77,2,'2019-01-17 15:21:02'),(731,69,3,'2019-01-17 15:21:02'),(732,30,4,'2019-01-17 15:21:02'),(733,83,5,'2019-01-17 15:21:02'),(734,69,6,'2019-01-17 15:21:02'),(735,88,7,'2019-01-17 15:21:02'),(736,76,8,'2019-01-17 15:21:02'),(737,79,9,'2019-01-17 15:21:02'),(738,64,10,'2019-01-17 15:21:02'),(739,86,11,'2019-01-17 15:21:02'),(740,33,12,'2019-01-17 15:21:02'),(741,41,13,'2019-01-17 15:21:02'),(742,60,14,'2019-01-17 15:21:02'),(743,3,15,'2019-01-17 15:21:02'),(744,13,16,'2019-01-17 15:21:02'),(745,68,17,'2019-01-17 15:21:02'),(746,33,18,'2019-01-17 15:21:02'),(747,5,1,'2019-01-17 15:21:12'),(748,89,2,'2019-01-17 15:21:12'),(749,83,3,'2019-01-17 15:21:12'),(750,76,4,'2019-01-17 15:21:12'),(751,77,5,'2019-01-17 15:21:12'),(752,25,6,'2019-01-17 15:21:12'),(753,54,7,'2019-01-17 15:21:12'),(754,20,8,'2019-01-17 15:21:12'),(755,17,9,'2019-01-17 15:21:12'),(756,67,10,'2019-01-17 15:21:12'),(757,96,11,'2019-01-17 15:21:12'),(758,82,12,'2019-01-17 15:21:12'),(759,0,13,'2019-01-17 15:21:12'),(760,19,14,'2019-01-17 15:21:12'),(761,98,15,'2019-01-17 15:21:12'),(762,25,16,'2019-01-17 15:21:13'),(763,38,17,'2019-01-17 15:21:13'),(764,30,18,'2019-01-17 15:21:13'),(765,63,1,'2019-01-17 15:21:23'),(766,28,2,'2019-01-17 15:21:23'),(767,46,3,'2019-01-17 15:21:23'),(768,6,4,'2019-01-17 15:21:23'),(769,98,5,'2019-01-17 15:21:23'),(770,38,6,'2019-01-17 15:21:23'),(771,53,7,'2019-01-17 15:21:23'),(772,39,8,'2019-01-17 15:21:23'),(773,43,9,'2019-01-17 15:21:23'),(774,69,10,'2019-01-17 15:21:23'),(775,79,11,'2019-01-17 15:21:23'),(776,63,12,'2019-01-17 15:21:23'),(777,64,13,'2019-01-17 15:21:23'),(778,32,14,'2019-01-17 15:21:23'),(779,81,15,'2019-01-17 15:21:23'),(780,97,16,'2019-01-17 15:21:23'),(781,35,17,'2019-01-17 15:21:23'),(782,24,18,'2019-01-17 15:21:23'),(783,99,1,'2019-01-17 15:21:33'),(784,26,2,'2019-01-17 15:21:33'),(785,41,3,'2019-01-17 15:21:33'),(786,86,4,'2019-01-17 15:21:33'),(787,68,5,'2019-01-17 15:21:33'),(788,25,6,'2019-01-17 15:21:33'),(789,36,7,'2019-01-17 15:21:33'),(790,48,8,'2019-01-17 15:21:33'),(791,74,9,'2019-01-17 15:21:33'),(792,39,10,'2019-01-17 15:21:33'),(793,44,11,'2019-01-17 15:21:33'),(794,1,12,'2019-01-17 15:21:33'),(795,69,13,'2019-01-17 15:21:33'),(796,12,14,'2019-01-17 15:21:33'),(797,52,15,'2019-01-17 15:21:33'),(798,5,16,'2019-01-17 15:21:33'),(799,9,17,'2019-01-17 15:21:33'),(800,3,18,'2019-01-17 15:21:33'),(801,61,1,'2019-01-17 16:50:31'),(802,78,2,'2019-01-17 16:50:31'),(803,88,3,'2019-01-17 16:50:31'),(804,60,4,'2019-01-17 16:50:31'),(805,78,5,'2019-01-17 16:50:31'),(806,11,6,'2019-01-17 16:50:31'),(807,14,7,'2019-01-17 16:50:31'),(808,57,8,'2019-01-17 16:50:31'),(809,67,9,'2019-01-17 16:50:31'),(810,51,10,'2019-01-17 16:50:31'),(811,29,11,'2019-01-17 16:50:31'),(812,91,12,'2019-01-17 16:50:31'),(813,63,13,'2019-01-17 16:50:31'),(814,94,14,'2019-01-17 16:50:31'),(815,45,15,'2019-01-17 16:50:31'),(816,90,16,'2019-01-17 16:50:31'),(817,0,17,'2019-01-17 16:50:31'),(818,19,18,'2019-01-17 16:50:31'),(819,29,1,'2019-01-17 16:51:45'),(820,1,2,'2019-01-17 16:51:45'),(821,30,3,'2019-01-17 16:51:45'),(822,21,4,'2019-01-17 16:51:45'),(823,55,5,'2019-01-17 16:51:45'),(824,18,6,'2019-01-17 16:51:45'),(825,19,7,'2019-01-17 16:51:46'),(826,62,8,'2019-01-17 16:51:46'),(827,16,9,'2019-01-17 16:51:46'),(828,74,10,'2019-01-17 16:51:46'),(829,89,11,'2019-01-17 16:51:46'),(830,80,12,'2019-01-17 16:51:46'),(831,55,13,'2019-01-17 16:51:46'),(832,48,14,'2019-01-17 16:51:46'),(833,11,15,'2019-01-17 16:51:46'),(834,43,16,'2019-01-17 16:51:46'),(835,24,17,'2019-01-17 16:51:46'),(836,86,18,'2019-01-17 16:51:46'),(837,92,1,'2019-01-17 16:52:46'),(838,20,2,'2019-01-17 16:52:46'),(839,52,3,'2019-01-17 16:52:46'),(840,82,4,'2019-01-17 16:52:46'),(841,64,5,'2019-01-17 16:52:46'),(842,5,6,'2019-01-17 16:52:46'),(843,61,7,'2019-01-17 16:52:46'),(844,72,8,'2019-01-17 16:52:46'),(845,49,9,'2019-01-17 16:52:46'),(846,30,10,'2019-01-17 16:52:46'),(847,61,11,'2019-01-17 16:52:46'),(848,36,12,'2019-01-17 16:52:46'),(849,36,13,'2019-01-17 16:52:46'),(850,11,14,'2019-01-17 16:52:46'),(851,92,15,'2019-01-17 16:52:46'),(852,84,16,'2019-01-17 16:52:46'),(853,92,17,'2019-01-17 16:52:46'),(854,30,18,'2019-01-17 16:52:46'),(855,41,1,'2019-01-17 16:56:39'),(856,58,2,'2019-01-17 16:56:39'),(857,66,3,'2019-01-17 16:56:39'),(858,56,4,'2019-01-17 16:56:39'),(859,68,5,'2019-01-17 16:56:39'),(860,61,6,'2019-01-17 16:56:39'),(861,31,7,'2019-01-17 16:56:39'),(862,26,8,'2019-01-17 16:56:39'),(863,25,9,'2019-01-17 16:56:39'),(864,48,10,'2019-01-17 16:56:39'),(865,5,11,'2019-01-17 16:56:39'),(866,87,12,'2019-01-17 16:56:39'),(867,30,13,'2019-01-17 16:56:39'),(868,83,14,'2019-01-17 16:56:39'),(869,22,15,'2019-01-17 16:56:39'),(870,30,16,'2019-01-17 16:56:39'),(871,18,17,'2019-01-17 16:56:39'),(872,1,18,'2019-01-17 16:56:39'),(873,57,1,'2019-01-17 16:57:39'),(874,2,2,'2019-01-17 16:57:40'),(875,93,3,'2019-01-17 16:57:40'),(876,46,4,'2019-01-17 16:57:40'),(877,50,5,'2019-01-17 16:57:40'),(878,33,6,'2019-01-17 16:57:40'),(879,48,7,'2019-01-17 16:57:40'),(880,40,8,'2019-01-17 16:57:40'),(881,62,9,'2019-01-17 16:57:40'),(882,8,10,'2019-01-17 16:57:40'),(883,43,11,'2019-01-17 16:57:40'),(884,26,12,'2019-01-17 16:57:40'),(885,54,13,'2019-01-17 16:57:40'),(886,21,14,'2019-01-17 16:57:40'),(887,65,15,'2019-01-17 16:57:40'),(888,83,16,'2019-01-17 16:57:40'),(889,23,17,'2019-01-17 16:57:40'),(890,88,18,'2019-01-17 16:57:40'),(891,67,1,'2019-01-17 16:58:40'),(892,79,2,'2019-01-17 16:58:40'),(893,26,3,'2019-01-17 16:58:40'),(894,25,4,'2019-01-17 16:58:40'),(895,78,5,'2019-01-17 16:58:40'),(896,92,6,'2019-01-17 16:58:40'),(897,31,7,'2019-01-17 16:58:40'),(898,38,8,'2019-01-17 16:58:40'),(899,0,9,'2019-01-17 16:58:40'),(900,97,10,'2019-01-17 16:58:40'),(901,64,11,'2019-01-17 16:58:40'),(902,47,12,'2019-01-17 16:58:40'),(903,84,13,'2019-01-17 16:58:40'),(904,67,14,'2019-01-17 16:58:40'),(905,11,15,'2019-01-17 16:58:40'),(906,45,16,'2019-01-17 16:58:40'),(907,99,17,'2019-01-17 16:58:40'),(908,77,18,'2019-01-17 16:58:40'),(909,50,1,'2019-01-17 17:03:01'),(910,76,2,'2019-01-17 17:03:01'),(911,0,3,'2019-01-17 17:03:01'),(912,68,1,'2019-01-17 17:04:01'),(913,27,2,'2019-01-17 17:04:01'),(914,47,3,'2019-01-17 17:04:01'),(915,40,1,'2019-01-17 17:05:01'),(916,39,2,'2019-01-17 17:05:01'),(917,63,3,'2019-01-17 17:05:01'),(918,67,1,'2019-01-17 17:18:50'),(919,65,2,'2019-01-17 17:18:50'),(920,50,3,'2019-01-17 17:18:50'),(921,90,4,'2019-01-17 17:18:50'),(922,61,5,'2019-01-17 17:18:50'),(923,19,6,'2019-01-17 17:18:50'),(924,17,7,'2019-01-17 17:18:50'),(925,56,8,'2019-01-17 17:18:50'),(926,38,9,'2019-01-17 17:18:50'),(927,60,10,'2019-01-17 17:18:50'),(928,67,11,'2019-01-17 17:18:50'),(929,85,12,'2019-01-17 17:18:50'),(930,2,13,'2019-01-17 17:18:50'),(931,41,14,'2019-01-17 17:18:50'),(932,92,15,'2019-01-17 17:18:50'),(933,45,16,'2019-01-17 17:18:50'),(934,77,17,'2019-01-17 17:18:50'),(935,65,18,'2019-01-17 17:18:50'),(936,12,1,'2019-01-17 17:19:50'),(937,16,2,'2019-01-17 17:19:50'),(938,38,3,'2019-01-17 17:19:50'),(939,32,4,'2019-01-17 17:19:50'),(940,44,5,'2019-01-17 17:19:51'),(941,24,6,'2019-01-17 17:19:51'),(942,60,7,'2019-01-17 17:19:51'),(943,14,8,'2019-01-17 17:19:51'),(944,63,9,'2019-01-17 17:19:51'),(945,70,10,'2019-01-17 17:19:51'),(946,76,11,'2019-01-17 17:19:51'),(947,58,12,'2019-01-17 17:19:51'),(948,95,13,'2019-01-17 17:19:51'),(949,36,14,'2019-01-17 17:19:51'),(950,80,15,'2019-01-17 17:19:51'),(951,12,16,'2019-01-17 17:19:51'),(952,65,17,'2019-01-17 17:19:51'),(953,80,18,'2019-01-17 17:19:51'),(954,10,1,'2019-01-17 17:20:51'),(955,54,2,'2019-01-17 17:20:51'),(956,25,3,'2019-01-17 17:20:51'),(957,66,4,'2019-01-17 17:20:51'),(958,43,5,'2019-01-17 17:20:51'),(959,39,6,'2019-01-17 17:20:51'),(960,96,7,'2019-01-17 17:20:51'),(961,66,8,'2019-01-17 17:20:51'),(962,50,9,'2019-01-17 17:20:51'),(963,88,10,'2019-01-17 17:20:51'),(964,75,11,'2019-01-17 17:20:51'),(965,4,12,'2019-01-17 17:20:51'),(966,9,13,'2019-01-17 17:20:51'),(967,99,14,'2019-01-17 17:20:51'),(968,99,15,'2019-01-17 17:20:51'),(969,48,16,'2019-01-17 17:20:51'),(970,77,17,'2019-01-17 17:20:51'),(971,33,18,'2019-01-17 17:20:51'),(972,83,1,'2019-01-17 17:30:20'),(973,54,2,'2019-01-17 17:30:20'),(974,70,3,'2019-01-17 17:30:20'),(975,9,4,'2019-01-17 17:30:20'),(976,52,5,'2019-01-17 17:30:20'),(977,70,6,'2019-01-17 17:30:20'),(978,41,7,'2019-01-17 17:30:20'),(979,72,8,'2019-01-17 17:30:20'),(980,40,9,'2019-01-17 17:30:20'),(981,13,10,'2019-01-17 17:30:20'),(982,87,11,'2019-01-17 17:30:20'),(983,4,12,'2019-01-17 17:30:20'),(984,32,13,'2019-01-17 17:30:20'),(985,91,14,'2019-01-17 17:30:20'),(986,51,15,'2019-01-17 17:30:20'),(987,55,16,'2019-01-17 17:30:20'),(988,33,17,'2019-01-17 17:30:20'),(989,17,18,'2019-01-17 17:30:20'),(990,33,19,'2019-01-17 17:30:20'),(991,7,20,'2019-01-17 17:30:20'),(992,64,21,'2019-01-17 17:30:20'),(993,68,22,'2019-01-17 17:30:20'),(994,68,23,'2019-01-17 17:30:20'),(995,30,24,'2019-01-17 17:30:20'),(996,65,25,'2019-01-17 17:30:20'),(997,50,26,'2019-01-17 17:30:20'),(998,82,27,'2019-01-17 17:30:20'),(999,24,28,'2019-01-17 17:30:20'),(1000,29,29,'2019-01-17 17:30:20'),(1001,69,30,'2019-01-17 17:30:20'),(1002,48,31,'2019-01-17 17:30:20'),(1003,82,32,'2019-01-17 17:30:20'),(1004,40,33,'2019-01-17 17:30:20'),(1005,11,34,'2019-01-17 17:30:21'),(1006,33,35,'2019-01-17 17:30:21'),(1007,86,36,'2019-01-17 17:30:21'),(1008,27,1,'2019-01-17 17:31:21'),(1009,15,2,'2019-01-17 17:31:21'),(1010,32,3,'2019-01-17 17:31:21'),(1011,34,4,'2019-01-17 17:31:21'),(1012,31,5,'2019-01-17 17:31:21'),(1013,6,6,'2019-01-17 17:31:21'),(1014,45,7,'2019-01-17 17:31:21'),(1015,96,8,'2019-01-17 17:31:21'),(1016,76,9,'2019-01-17 17:31:21'),(1017,51,10,'2019-01-17 17:31:21'),(1018,49,11,'2019-01-17 17:31:21'),(1019,32,12,'2019-01-17 17:31:21'),(1020,88,13,'2019-01-17 17:31:21'),(1021,40,14,'2019-01-17 17:31:21'),(1022,57,15,'2019-01-17 17:31:21'),(1023,20,16,'2019-01-17 17:31:21'),(1024,21,17,'2019-01-17 17:31:21'),(1025,63,18,'2019-01-17 17:31:21'),(1026,2,19,'2019-01-17 17:31:21'),(1027,6,20,'2019-01-17 17:31:21'),(1028,48,21,'2019-01-17 17:31:21'),(1029,9,22,'2019-01-17 17:31:21'),(1030,56,23,'2019-01-17 17:31:21'),(1031,56,24,'2019-01-17 17:31:21'),(1032,74,25,'2019-01-17 17:31:21'),(1033,18,26,'2019-01-17 17:31:21'),(1034,79,27,'2019-01-17 17:31:21'),(1035,71,28,'2019-01-17 17:31:21'),(1036,45,29,'2019-01-17 17:31:21'),(1037,5,30,'2019-01-17 17:31:21'),(1038,61,31,'2019-01-17 17:31:21'),(1039,12,32,'2019-01-17 17:31:21'),(1040,47,33,'2019-01-17 17:31:21'),(1041,0,34,'2019-01-17 17:31:21'),(1042,8,35,'2019-01-17 17:31:21'),(1043,16,36,'2019-01-17 17:31:21'),(1044,42,1,'2019-01-17 17:32:21'),(1045,87,2,'2019-01-17 17:32:21'),(1046,19,3,'2019-01-17 17:32:21'),(1047,98,4,'2019-01-17 17:32:21'),(1048,61,5,'2019-01-17 17:32:21'),(1049,56,6,'2019-01-17 17:32:21'),(1050,30,7,'2019-01-17 17:32:21'),(1051,90,8,'2019-01-17 17:32:22'),(1052,11,9,'2019-01-17 17:32:22'),(1053,84,10,'2019-01-17 17:32:22'),(1054,42,11,'2019-01-17 17:32:22'),(1055,12,12,'2019-01-17 17:32:22'),(1056,23,13,'2019-01-17 17:32:22'),(1057,82,14,'2019-01-17 17:32:22'),(1058,61,15,'2019-01-17 17:32:22'),(1059,74,16,'2019-01-17 17:32:22'),(1060,49,17,'2019-01-17 17:32:22'),(1061,29,18,'2019-01-17 17:32:22'),(1062,28,19,'2019-01-17 17:32:22'),(1063,61,20,'2019-01-17 17:32:22'),(1064,22,21,'2019-01-17 17:32:22'),(1065,10,22,'2019-01-17 17:32:22'),(1066,69,23,'2019-01-17 17:32:22'),(1067,9,24,'2019-01-17 17:32:22'),(1068,6,25,'2019-01-17 17:32:22'),(1069,42,26,'2019-01-17 17:32:22'),(1070,54,27,'2019-01-17 17:32:22'),(1071,53,28,'2019-01-17 17:32:22'),(1072,74,29,'2019-01-17 17:32:22'),(1073,70,30,'2019-01-17 17:32:22'),(1074,94,31,'2019-01-17 17:32:22'),(1075,7,32,'2019-01-17 17:32:22'),(1076,52,33,'2019-01-17 17:32:22'),(1077,7,34,'2019-01-17 17:32:22'),(1078,13,35,'2019-01-17 17:32:22'),(1079,62,36,'2019-01-17 17:32:22'),(1080,84,1,'2019-01-17 18:03:52'),(1081,79,2,'2019-01-17 18:03:52'),(1082,75,3,'2019-01-17 18:03:52'),(1083,74,4,'2019-01-17 18:03:52'),(1084,36,5,'2019-01-17 18:03:52'),(1085,63,6,'2019-01-17 18:03:52'),(1086,52,7,'2019-01-17 18:03:52'),(1087,49,8,'2019-01-17 18:03:52'),(1088,71,9,'2019-01-17 18:03:52'),(1089,80,10,'2019-01-17 18:03:52'),(1090,84,11,'2019-01-17 18:03:52'),(1091,46,12,'2019-01-17 18:03:52'),(1092,74,13,'2019-01-17 18:03:52'),(1093,83,14,'2019-01-17 18:03:52'),(1094,74,15,'2019-01-17 18:03:52'),(1095,72,16,'2019-01-17 18:03:52'),(1096,82,17,'2019-01-17 18:03:52'),(1097,24,18,'2019-01-17 18:03:52'),(1098,29,19,'2019-01-17 18:03:52'),(1099,85,20,'2019-01-17 18:03:52'),(1100,58,21,'2019-01-17 18:03:52'),(1101,78,22,'2019-01-17 18:03:52'),(1102,1,23,'2019-01-17 18:03:52'),(1103,31,24,'2019-01-17 18:03:52'),(1104,78,25,'2019-01-17 18:03:52'),(1105,83,26,'2019-01-17 18:03:52'),(1106,3,27,'2019-01-17 18:03:52'),(1107,50,28,'2019-01-17 18:03:52'),(1108,53,29,'2019-01-17 18:03:52'),(1109,51,30,'2019-01-17 18:03:52'),(1110,83,31,'2019-01-17 18:03:52'),(1111,85,32,'2019-01-17 18:03:52'),(1112,43,33,'2019-01-17 18:03:52'),(1113,4,34,'2019-01-17 18:03:52'),(1114,77,35,'2019-01-17 18:03:52'),(1115,40,36,'2019-01-17 18:03:52'),(1116,83,37,'2019-01-17 18:03:52'),(1117,82,38,'2019-01-17 18:03:52'),(1118,6,39,'2019-01-17 18:03:52'),(1119,50,40,'2019-01-17 18:03:52'),(1120,92,41,'2019-01-17 18:03:52'),(1121,0,42,'2019-01-17 18:03:52'),(1122,97,43,'2019-01-17 18:03:52'),(1123,68,44,'2019-01-17 18:03:52'),(1124,26,45,'2019-01-17 18:03:53'),(1125,67,46,'2019-01-17 18:03:53'),(1126,39,47,'2019-01-17 18:03:53'),(1127,48,48,'2019-01-17 18:03:53'),(1128,79,1,'2019-01-17 18:04:53'),(1129,8,2,'2019-01-17 18:04:53'),(1130,87,3,'2019-01-17 18:04:53'),(1131,30,4,'2019-01-17 18:04:53'),(1132,42,5,'2019-01-17 18:04:53'),(1133,42,6,'2019-01-17 18:04:53'),(1134,18,7,'2019-01-17 18:04:53'),(1135,80,8,'2019-01-17 18:04:53'),(1136,28,9,'2019-01-17 18:04:53'),(1137,3,10,'2019-01-17 18:04:53'),(1138,54,11,'2019-01-17 18:04:53'),(1139,90,12,'2019-01-17 18:04:53'),(1140,25,13,'2019-01-17 18:04:53'),(1141,20,14,'2019-01-17 18:04:53'),(1142,22,15,'2019-01-17 18:04:53'),(1143,87,16,'2019-01-17 18:04:53'),(1144,3,17,'2019-01-17 18:04:53'),(1145,85,18,'2019-01-17 18:04:53'),(1146,9,19,'2019-01-17 18:04:53'),(1147,32,20,'2019-01-17 18:04:53'),(1148,70,21,'2019-01-17 18:04:53'),(1149,34,22,'2019-01-17 18:04:53'),(1150,23,23,'2019-01-17 18:04:53'),(1151,29,24,'2019-01-17 18:04:53'),(1152,95,25,'2019-01-17 18:04:53'),(1153,76,26,'2019-01-17 18:04:53'),(1154,38,27,'2019-01-17 18:04:53'),(1155,42,28,'2019-01-17 18:04:53'),(1156,73,29,'2019-01-17 18:04:53'),(1157,79,30,'2019-01-17 18:04:53'),(1158,7,31,'2019-01-17 18:04:53'),(1159,96,32,'2019-01-17 18:04:53'),(1160,6,33,'2019-01-17 18:04:53'),(1161,92,34,'2019-01-17 18:04:53'),(1162,15,35,'2019-01-17 18:04:53'),(1163,21,36,'2019-01-17 18:04:53'),(1164,25,37,'2019-01-17 18:04:53'),(1165,85,38,'2019-01-17 18:04:53'),(1166,9,39,'2019-01-17 18:04:53'),(1167,31,40,'2019-01-17 18:04:53'),(1168,41,41,'2019-01-17 18:04:53'),(1169,77,42,'2019-01-17 18:04:53'),(1170,16,43,'2019-01-17 18:04:53'),(1171,48,44,'2019-01-17 18:04:53'),(1172,63,45,'2019-01-17 18:04:53'),(1173,70,46,'2019-01-17 18:04:53'),(1174,4,47,'2019-01-17 18:04:53'),(1175,18,48,'2019-01-17 18:04:53'),(1176,30,1,'2019-01-17 18:07:46'),(1177,17,2,'2019-01-17 18:07:46'),(1178,32,3,'2019-01-17 18:07:46'),(1179,25,4,'2019-01-17 18:07:46'),(1180,81,5,'2019-01-17 18:07:46'),(1181,4,6,'2019-01-17 18:07:46'),(1182,38,7,'2019-01-17 18:07:46'),(1183,8,8,'2019-01-17 18:07:46'),(1184,4,9,'2019-01-17 18:07:46'),(1185,56,10,'2019-01-17 18:07:46'),(1186,45,11,'2019-01-17 18:07:46'),(1187,96,12,'2019-01-17 18:07:46'),(1188,56,13,'2019-01-17 18:07:46'),(1189,26,14,'2019-01-17 18:07:46'),(1190,73,15,'2019-01-17 18:07:46'),(1191,72,16,'2019-01-17 18:07:46'),(1192,21,17,'2019-01-17 18:07:46'),(1193,22,18,'2019-01-17 18:07:47'),(1194,76,19,'2019-01-17 18:07:47'),(1195,86,20,'2019-01-17 18:07:47'),(1196,27,21,'2019-01-17 18:07:47'),(1197,75,22,'2019-01-17 18:07:47'),(1198,52,23,'2019-01-17 18:07:47'),(1199,72,24,'2019-01-17 18:07:47'),(1200,37,25,'2019-01-17 18:07:47'),(1201,56,26,'2019-01-17 18:07:47'),(1202,94,27,'2019-01-17 18:07:47'),(1203,58,28,'2019-01-17 18:07:47'),(1204,56,29,'2019-01-17 18:07:47'),(1205,92,30,'2019-01-17 18:07:47'),(1206,93,31,'2019-01-17 18:07:47'),(1207,80,32,'2019-01-17 18:07:47'),(1208,60,33,'2019-01-17 18:07:47'),(1209,45,34,'2019-01-17 18:07:47'),(1210,96,35,'2019-01-17 18:07:47'),(1211,1,36,'2019-01-17 18:07:47'),(1212,93,37,'2019-01-17 18:07:47'),(1213,23,38,'2019-01-17 18:07:47'),(1214,48,39,'2019-01-17 18:07:47'),(1215,23,40,'2019-01-17 18:07:47'),(1216,9,41,'2019-01-17 18:07:47'),(1217,15,42,'2019-01-17 18:07:47'),(1218,33,43,'2019-01-17 18:07:47'),(1219,11,44,'2019-01-17 18:07:47'),(1220,79,45,'2019-01-17 18:07:47'),(1221,24,46,'2019-01-17 18:07:47'),(1222,57,47,'2019-01-17 18:07:47'),(1223,37,48,'2019-01-17 18:07:47'),(1224,50,1,'2019-01-17 18:08:47'),(1225,48,2,'2019-01-17 18:08:47'),(1226,73,3,'2019-01-17 18:08:47'),(1227,47,4,'2019-01-17 18:08:47'),(1228,38,5,'2019-01-17 18:08:47'),(1229,62,6,'2019-01-17 18:08:47'),(1230,18,7,'2019-01-17 18:08:47'),(1231,51,8,'2019-01-17 18:08:47'),(1232,6,9,'2019-01-17 18:08:47'),(1233,86,10,'2019-01-17 18:08:47'),(1234,51,11,'2019-01-17 18:08:47'),(1235,84,12,'2019-01-17 18:08:47'),(1236,14,13,'2019-01-17 18:08:47'),(1237,14,14,'2019-01-17 18:08:47'),(1238,60,15,'2019-01-17 18:08:47'),(1239,78,16,'2019-01-17 18:08:47'),(1240,58,17,'2019-01-17 18:08:47'),(1241,91,18,'2019-01-17 18:08:47'),(1242,32,19,'2019-01-17 18:08:47'),(1243,21,20,'2019-01-17 18:08:47'),(1244,25,21,'2019-01-17 18:08:47'),(1245,7,22,'2019-01-17 18:08:47'),(1246,50,23,'2019-01-17 18:08:47'),(1247,35,24,'2019-01-17 18:08:47'),(1248,93,25,'2019-01-17 18:08:47'),(1249,53,26,'2019-01-17 18:08:47'),(1250,82,27,'2019-01-17 18:08:47'),(1251,30,28,'2019-01-17 18:08:47'),(1252,59,29,'2019-01-17 18:08:47'),(1253,59,30,'2019-01-17 18:08:48'),(1254,53,31,'2019-01-17 18:08:48'),(1255,41,32,'2019-01-17 18:08:48'),(1256,51,33,'2019-01-17 18:08:48'),(1257,86,34,'2019-01-17 18:08:48'),(1258,38,35,'2019-01-17 18:08:48'),(1259,40,36,'2019-01-17 18:08:48'),(1260,36,37,'2019-01-17 18:08:48'),(1261,6,38,'2019-01-17 18:08:48'),(1262,21,39,'2019-01-17 18:08:48'),(1263,52,40,'2019-01-17 18:08:48'),(1264,89,41,'2019-01-17 18:08:48'),(1265,37,42,'2019-01-17 18:08:48'),(1266,14,43,'2019-01-17 18:08:48'),(1267,93,44,'2019-01-17 18:08:48'),(1268,97,45,'2019-01-17 18:08:48'),(1269,25,46,'2019-01-17 18:08:48'),(1270,0,47,'2019-01-17 18:08:48'),(1271,26,48,'2019-01-17 18:08:48'),(1272,64,1,'2019-01-17 18:09:48'),(1273,11,2,'2019-01-17 18:09:48'),(1274,87,3,'2019-01-17 18:09:48'),(1275,32,4,'2019-01-17 18:09:48'),(1276,95,5,'2019-01-17 18:09:48'),(1277,97,6,'2019-01-17 18:09:48'),(1278,62,7,'2019-01-17 18:09:48'),(1279,46,8,'2019-01-17 18:09:48'),(1280,90,9,'2019-01-17 18:09:48'),(1281,81,10,'2019-01-17 18:09:48'),(1282,42,11,'2019-01-17 18:09:48'),(1283,86,12,'2019-01-17 18:09:48'),(1284,9,13,'2019-01-17 18:09:48'),(1285,57,14,'2019-01-17 18:09:48'),(1286,17,15,'2019-01-17 18:09:48'),(1287,29,16,'2019-01-17 18:09:48'),(1288,43,17,'2019-01-17 18:09:48'),(1289,32,18,'2019-01-17 18:09:48'),(1290,78,19,'2019-01-17 18:09:48'),(1291,72,20,'2019-01-17 18:09:48'),(1292,11,21,'2019-01-17 18:09:48'),(1293,32,22,'2019-01-17 18:09:48'),(1294,49,23,'2019-01-17 18:09:48'),(1295,97,24,'2019-01-17 18:09:48'),(1296,97,25,'2019-01-17 18:09:48'),(1297,70,26,'2019-01-17 18:09:48'),(1298,4,27,'2019-01-17 18:09:48'),(1299,36,28,'2019-01-17 18:09:48'),(1300,35,29,'2019-01-17 18:09:48'),(1301,76,30,'2019-01-17 18:09:48'),(1302,79,31,'2019-01-17 18:09:48'),(1303,4,32,'2019-01-17 18:09:48'),(1304,25,33,'2019-01-17 18:09:48'),(1305,82,34,'2019-01-17 18:09:48'),(1306,78,35,'2019-01-17 18:09:48'),(1307,95,36,'2019-01-17 18:09:48'),(1308,39,37,'2019-01-17 18:09:48'),(1309,23,38,'2019-01-17 18:09:48'),(1310,70,39,'2019-01-17 18:09:48'),(1311,32,40,'2019-01-17 18:09:48'),(1312,4,41,'2019-01-17 18:09:48'),(1313,34,42,'2019-01-17 18:09:48'),(1314,53,43,'2019-01-17 18:09:48'),(1315,44,44,'2019-01-17 18:09:48'),(1316,70,45,'2019-01-17 18:09:48'),(1317,40,46,'2019-01-17 18:09:48'),(1318,5,47,'2019-01-17 18:09:48'),(1319,1,48,'2019-01-17 18:09:48'),(1320,14,1,'2019-01-17 18:11:34'),(1321,87,2,'2019-01-17 18:11:35'),(1322,98,3,'2019-01-17 18:11:35'),(1323,63,4,'2019-01-17 18:11:35'),(1324,28,5,'2019-01-17 18:11:35'),(1325,59,6,'2019-01-17 18:11:35'),(1326,31,7,'2019-01-17 18:11:35'),(1327,37,8,'2019-01-17 18:11:35'),(1328,99,9,'2019-01-17 18:11:35'),(1329,42,10,'2019-01-17 18:11:35'),(1330,74,11,'2019-01-17 18:11:35'),(1331,86,12,'2019-01-17 18:11:35'),(1332,79,13,'2019-01-17 18:11:35'),(1333,49,14,'2019-01-17 18:11:35'),(1334,30,15,'2019-01-17 18:11:35'),(1335,55,16,'2019-01-17 18:11:35'),(1336,7,17,'2019-01-17 18:11:35'),(1337,1,18,'2019-01-17 18:11:35'),(1338,93,19,'2019-01-17 18:11:35'),(1339,93,20,'2019-01-17 18:11:35'),(1340,12,21,'2019-01-17 18:11:35'),(1341,5,22,'2019-01-17 18:11:35'),(1342,75,23,'2019-01-17 18:11:35'),(1343,41,24,'2019-01-17 18:11:35'),(1344,8,25,'2019-01-17 18:11:35'),(1345,67,26,'2019-01-17 18:11:35'),(1346,87,27,'2019-01-17 18:11:35'),(1347,47,28,'2019-01-17 18:11:35'),(1348,62,29,'2019-01-17 18:11:35'),(1349,29,30,'2019-01-17 18:11:35'),(1350,48,31,'2019-01-17 18:11:35'),(1351,92,32,'2019-01-17 18:11:35'),(1352,54,33,'2019-01-17 18:11:35'),(1353,44,34,'2019-01-17 18:11:35'),(1354,25,35,'2019-01-17 18:11:35'),(1355,60,36,'2019-01-17 18:11:35'),(1356,21,37,'2019-01-17 18:11:35'),(1357,92,38,'2019-01-17 18:11:35'),(1358,68,39,'2019-01-17 18:11:35'),(1359,63,40,'2019-01-17 18:11:35'),(1360,94,41,'2019-01-17 18:11:35'),(1361,37,42,'2019-01-17 18:11:35'),(1362,26,43,'2019-01-17 18:11:35'),(1363,40,44,'2019-01-17 18:11:35'),(1364,28,45,'2019-01-17 18:11:35'),(1365,82,46,'2019-01-17 18:11:35'),(1366,90,47,'2019-01-17 18:11:35'),(1367,92,48,'2019-01-17 18:11:35'),(1368,57,1,'2019-01-17 18:12:35'),(1369,5,2,'2019-01-17 18:12:36'),(1370,29,3,'2019-01-17 18:12:36'),(1371,69,4,'2019-01-17 18:12:36'),(1372,85,5,'2019-01-17 18:12:36'),(1373,92,6,'2019-01-17 18:12:36'),(1374,87,7,'2019-01-17 18:12:36'),(1375,23,8,'2019-01-17 18:12:36'),(1376,76,9,'2019-01-17 18:12:36'),(1377,58,10,'2019-01-17 18:12:36'),(1378,0,11,'2019-01-17 18:12:36'),(1379,61,12,'2019-01-17 18:12:36'),(1380,88,13,'2019-01-17 18:12:36'),(1381,42,14,'2019-01-17 18:12:36'),(1382,2,15,'2019-01-17 18:12:36'),(1383,79,16,'2019-01-17 18:12:36'),(1384,54,17,'2019-01-17 18:12:36'),(1385,82,18,'2019-01-17 18:12:36'),(1386,15,19,'2019-01-17 18:12:36'),(1387,36,20,'2019-01-17 18:12:36'),(1388,95,21,'2019-01-17 18:12:36'),(1389,41,22,'2019-01-17 18:12:36'),(1390,4,23,'2019-01-17 18:12:36'),(1391,36,24,'2019-01-17 18:12:36'),(1392,22,25,'2019-01-17 18:12:36'),(1393,20,26,'2019-01-17 18:12:36'),(1394,29,27,'2019-01-17 18:12:36'),(1395,0,28,'2019-01-17 18:12:36'),(1396,77,29,'2019-01-17 18:12:36'),(1397,22,30,'2019-01-17 18:12:36'),(1398,98,31,'2019-01-17 18:12:36'),(1399,5,32,'2019-01-17 18:12:36'),(1400,21,33,'2019-01-17 18:12:36'),(1401,53,34,'2019-01-17 18:12:36'),(1402,14,35,'2019-01-17 18:12:36'),(1403,24,36,'2019-01-17 18:12:36'),(1404,9,37,'2019-01-17 18:12:36'),(1405,16,38,'2019-01-17 18:12:36'),(1406,55,39,'2019-01-17 18:12:36'),(1407,26,40,'2019-01-17 18:12:36'),(1408,11,41,'2019-01-17 18:12:36'),(1409,59,42,'2019-01-17 18:12:36'),(1410,39,43,'2019-01-17 18:12:36'),(1411,66,44,'2019-01-17 18:12:36'),(1412,20,45,'2019-01-17 18:12:36'),(1413,40,46,'2019-01-17 18:12:36'),(1414,75,47,'2019-01-17 18:12:36'),(1415,18,48,'2019-01-17 18:12:36'),(1416,82,1,'2019-01-17 18:13:50'),(1417,99,2,'2019-01-17 18:13:50'),(1418,88,3,'2019-01-17 18:13:50'),(1419,28,4,'2019-01-17 18:13:50'),(1420,69,5,'2019-01-17 18:13:50'),(1421,66,6,'2019-01-17 18:13:50'),(1422,24,7,'2019-01-17 18:13:50'),(1423,74,8,'2019-01-17 18:13:50'),(1424,80,9,'2019-01-17 18:13:50'),(1425,78,10,'2019-01-17 18:13:50'),(1426,63,11,'2019-01-17 18:13:50'),(1427,9,12,'2019-01-17 18:13:50'),(1428,60,13,'2019-01-17 18:13:50'),(1429,90,14,'2019-01-17 18:13:50'),(1430,41,15,'2019-01-17 18:13:50'),(1431,84,16,'2019-01-17 18:13:50'),(1432,15,17,'2019-01-17 18:13:50'),(1433,55,18,'2019-01-17 18:13:50'),(1434,72,19,'2019-01-17 18:13:50'),(1435,61,20,'2019-01-17 18:13:50'),(1436,49,21,'2019-01-17 18:13:50'),(1437,36,22,'2019-01-17 18:13:50'),(1438,34,23,'2019-01-17 18:13:50'),(1439,65,24,'2019-01-17 18:13:50'),(1440,76,25,'2019-01-17 18:13:50'),(1441,43,26,'2019-01-17 18:13:50'),(1442,96,27,'2019-01-17 18:13:50'),(1443,4,28,'2019-01-17 18:13:50'),(1444,65,29,'2019-01-17 18:13:50'),(1445,34,30,'2019-01-17 18:13:50'),(1446,43,31,'2019-01-17 18:13:50'),(1447,68,32,'2019-01-17 18:13:51'),(1448,13,33,'2019-01-17 18:13:51'),(1449,20,34,'2019-01-17 18:13:51'),(1450,95,35,'2019-01-17 18:13:51'),(1451,35,36,'2019-01-17 18:13:51'),(1452,97,37,'2019-01-17 18:13:51'),(1453,4,38,'2019-01-17 18:13:51'),(1454,79,39,'2019-01-17 18:13:51'),(1455,97,40,'2019-01-17 18:13:51'),(1456,45,41,'2019-01-17 18:13:51'),(1457,85,42,'2019-01-17 18:13:51'),(1458,60,43,'2019-01-17 18:13:51'),(1459,43,44,'2019-01-17 18:13:51'),(1460,13,45,'2019-01-17 18:13:51'),(1461,49,46,'2019-01-17 18:13:51'),(1462,41,47,'2019-01-17 18:13:51'),(1463,26,48,'2019-01-17 18:13:51'),(1464,85,1,'2019-01-17 18:14:31'),(1465,2,2,'2019-01-17 18:14:31'),(1466,79,3,'2019-01-17 18:14:31'),(1467,81,4,'2019-01-17 18:14:31'),(1468,72,5,'2019-01-17 18:14:31'),(1469,57,6,'2019-01-17 18:14:31'),(1470,58,7,'2019-01-17 18:14:31'),(1471,20,8,'2019-01-17 18:14:31'),(1472,65,9,'2019-01-17 18:14:31'),(1473,27,10,'2019-01-17 18:14:31'),(1474,96,11,'2019-01-17 18:14:31'),(1475,19,12,'2019-01-17 18:14:31'),(1476,40,13,'2019-01-17 18:14:31'),(1477,77,14,'2019-01-17 18:14:31'),(1478,3,15,'2019-01-17 18:14:31'),(1479,18,16,'2019-01-17 18:14:31'),(1480,81,17,'2019-01-17 18:14:31'),(1481,63,18,'2019-01-17 18:14:31'),(1482,26,19,'2019-01-17 18:14:31'),(1483,51,20,'2019-01-17 18:14:31'),(1484,15,21,'2019-01-17 18:14:31'),(1485,25,22,'2019-01-17 18:14:31'),(1486,11,23,'2019-01-17 18:14:31'),(1487,28,24,'2019-01-17 18:14:31'),(1488,56,25,'2019-01-17 18:14:31'),(1489,35,26,'2019-01-17 18:14:31'),(1490,55,27,'2019-01-17 18:14:31'),(1491,82,28,'2019-01-17 18:14:31'),(1492,3,29,'2019-01-17 18:14:31'),(1493,94,30,'2019-01-17 18:14:31'),(1494,99,31,'2019-01-17 18:14:32'),(1495,48,32,'2019-01-17 18:14:32'),(1496,58,33,'2019-01-17 18:14:32'),(1497,62,34,'2019-01-17 18:14:32'),(1498,9,35,'2019-01-17 18:14:32'),(1499,51,36,'2019-01-17 18:14:32'),(1500,77,37,'2019-01-17 18:14:32'),(1501,31,38,'2019-01-17 18:14:32'),(1502,57,39,'2019-01-17 18:14:32'),(1503,60,40,'2019-01-17 18:14:32'),(1504,33,41,'2019-01-17 18:14:32'),(1505,58,42,'2019-01-17 18:14:32'),(1506,56,43,'2019-01-17 18:14:32'),(1507,56,44,'2019-01-17 18:14:32'),(1508,24,45,'2019-01-17 18:14:32'),(1509,35,46,'2019-01-17 18:14:32'),(1510,88,47,'2019-01-17 18:14:32'),(1511,67,48,'2019-01-17 18:14:32'),(1512,95,1,'2019-01-17 18:22:52'),(1513,44,2,'2019-01-17 18:22:52'),(1514,52,3,'2019-01-17 18:22:53'),(1515,15,4,'2019-01-17 18:22:53'),(1516,17,5,'2019-01-17 18:22:53'),(1517,55,6,'2019-01-17 18:22:53'),(1518,9,7,'2019-01-17 18:22:53'),(1519,1,8,'2019-01-17 18:22:53'),(1520,16,9,'2019-01-17 18:22:53'),(1521,82,10,'2019-01-17 18:22:53'),(1522,13,11,'2019-01-17 18:22:53'),(1523,67,12,'2019-01-17 18:22:53'),(1524,18,13,'2019-01-17 18:22:53'),(1525,41,14,'2019-01-17 18:22:53'),(1526,34,15,'2019-01-17 18:22:53'),(1527,77,16,'2019-01-17 18:22:53'),(1528,71,17,'2019-01-17 18:22:53'),(1529,50,18,'2019-01-17 18:22:53'),(1530,1,19,'2019-01-17 18:22:53'),(1531,78,20,'2019-01-17 18:22:53'),(1532,6,21,'2019-01-17 18:22:53'),(1533,14,22,'2019-01-17 18:22:53'),(1534,59,23,'2019-01-17 18:22:53'),(1535,51,24,'2019-01-17 18:22:53'),(1536,91,25,'2019-01-17 18:22:53'),(1537,93,26,'2019-01-17 18:22:53'),(1538,9,27,'2019-01-17 18:22:53'),(1539,9,28,'2019-01-17 18:22:53'),(1540,7,29,'2019-01-17 18:22:53'),(1541,36,30,'2019-01-17 18:22:53'),(1542,85,31,'2019-01-17 18:22:53'),(1543,89,32,'2019-01-17 18:22:53'),(1544,34,33,'2019-01-17 18:22:53'),(1545,50,34,'2019-01-17 18:22:53'),(1546,20,35,'2019-01-17 18:22:53'),(1547,61,36,'2019-01-17 18:22:53'),(1548,74,37,'2019-01-17 18:22:53'),(1549,89,38,'2019-01-17 18:22:53'),(1550,44,39,'2019-01-17 18:22:53'),(1551,71,40,'2019-01-17 18:22:53'),(1552,69,41,'2019-01-17 18:22:53'),(1553,91,42,'2019-01-17 18:22:53'),(1554,61,43,'2019-01-17 18:22:53'),(1555,19,44,'2019-01-17 18:22:53'),(1556,88,45,'2019-01-17 18:22:53'),(1557,27,46,'2019-01-17 18:22:53'),(1558,18,47,'2019-01-17 18:22:53'),(1559,11,48,'2019-01-17 18:22:53'),(1560,80,1,'2019-01-18 10:30:47'),(1561,74,2,'2019-01-18 10:30:47'),(1562,1,3,'2019-01-18 10:30:47'),(1563,62,4,'2019-01-18 10:30:47'),(1564,93,5,'2019-01-18 10:30:47'),(1565,59,6,'2019-01-18 10:30:47'),(1566,72,7,'2019-01-18 10:30:47'),(1567,66,8,'2019-01-18 10:30:47'),(1568,21,9,'2019-01-18 10:30:47'),(1569,80,10,'2019-01-18 10:30:47'),(1570,72,11,'2019-01-18 10:30:47'),(1571,14,12,'2019-01-18 10:30:47'),(1572,5,13,'2019-01-18 10:30:47'),(1573,79,14,'2019-01-18 10:30:47'),(1574,85,15,'2019-01-18 10:30:47'),(1575,56,16,'2019-01-18 10:30:47'),(1576,54,17,'2019-01-18 10:30:47'),(1577,78,18,'2019-01-18 10:30:47'),(1578,34,19,'2019-01-18 10:30:47'),(1579,98,20,'2019-01-18 10:30:47'),(1580,96,21,'2019-01-18 10:30:47'),(1581,57,22,'2019-01-18 10:30:47'),(1582,28,23,'2019-01-18 10:30:47'),(1583,10,24,'2019-01-18 10:30:47'),(1584,22,25,'2019-01-18 10:30:47'),(1585,88,26,'2019-01-18 10:30:47'),(1586,29,27,'2019-01-18 10:30:47'),(1587,94,28,'2019-01-18 10:30:47'),(1588,71,29,'2019-01-18 10:30:47'),(1589,5,30,'2019-01-18 10:30:47'),(1590,81,31,'2019-01-18 10:30:47'),(1591,62,32,'2019-01-18 10:30:47'),(1592,58,33,'2019-01-18 10:30:47'),(1593,68,34,'2019-01-18 10:30:47'),(1594,19,35,'2019-01-18 10:30:47'),(1595,41,36,'2019-01-18 10:30:47'),(1596,67,37,'2019-01-18 10:30:47'),(1597,65,38,'2019-01-18 10:30:47'),(1598,39,39,'2019-01-18 10:30:47'),(1599,64,40,'2019-01-18 10:30:47'),(1600,51,41,'2019-01-18 10:30:47'),(1601,34,42,'2019-01-18 10:30:47'),(1602,70,43,'2019-01-18 10:30:47'),(1603,22,44,'2019-01-18 10:30:47'),(1604,40,45,'2019-01-18 10:30:47'),(1605,98,46,'2019-01-18 10:30:47'),(1606,73,47,'2019-01-18 10:30:47'),(1607,81,48,'2019-01-18 10:30:47'),(1608,77,1,'2019-01-18 10:32:08'),(1609,21,2,'2019-01-18 10:32:09'),(1610,61,3,'2019-01-18 10:32:09'),(1611,62,4,'2019-01-18 10:32:09'),(1612,96,5,'2019-01-18 10:32:09'),(1613,77,6,'2019-01-18 10:32:09'),(1614,97,7,'2019-01-18 10:32:09'),(1615,44,8,'2019-01-18 10:32:09'),(1616,33,9,'2019-01-18 10:32:09'),(1617,58,10,'2019-01-18 10:32:09'),(1618,95,11,'2019-01-18 10:32:09'),(1619,85,12,'2019-01-18 10:32:09'),(1620,38,13,'2019-01-18 10:32:09'),(1621,67,14,'2019-01-18 10:32:09'),(1622,30,15,'2019-01-18 10:32:09'),(1623,2,16,'2019-01-18 10:32:09'),(1624,70,17,'2019-01-18 10:32:09'),(1625,11,18,'2019-01-18 10:32:09'),(1626,78,19,'2019-01-18 10:32:09'),(1627,65,20,'2019-01-18 10:32:09'),(1628,12,21,'2019-01-18 10:32:09'),(1629,42,22,'2019-01-18 10:32:09'),(1630,5,23,'2019-01-18 10:32:09'),(1631,2,24,'2019-01-18 10:32:09'),(1632,90,25,'2019-01-18 10:32:09'),(1633,4,26,'2019-01-18 10:32:09'),(1634,9,27,'2019-01-18 10:32:09'),(1635,46,28,'2019-01-18 10:32:09'),(1636,56,29,'2019-01-18 10:32:09'),(1637,54,30,'2019-01-18 10:32:09'),(1638,44,31,'2019-01-18 10:32:09'),(1639,63,32,'2019-01-18 10:32:09'),(1640,48,33,'2019-01-18 10:32:09'),(1641,45,34,'2019-01-18 10:32:09'),(1642,79,35,'2019-01-18 10:32:09'),(1643,64,36,'2019-01-18 10:32:09'),(1644,7,37,'2019-01-18 10:32:09'),(1645,77,38,'2019-01-18 10:32:09'),(1646,40,39,'2019-01-18 10:32:09'),(1647,76,40,'2019-01-18 10:32:09'),(1648,10,41,'2019-01-18 10:32:09'),(1649,31,42,'2019-01-18 10:32:09'),(1650,31,43,'2019-01-18 10:32:09'),(1651,7,44,'2019-01-18 10:32:09'),(1652,88,45,'2019-01-18 10:32:09'),(1653,69,46,'2019-01-18 10:32:09'),(1654,52,47,'2019-01-18 10:32:09'),(1655,8,48,'2019-01-18 10:32:09'),(1656,33,1,'2019-01-18 10:59:46'),(1657,22,2,'2019-01-18 10:59:48'),(1658,56,3,'2019-01-18 10:59:51'),(1659,13,4,'2019-01-18 10:59:51'),(1660,33,5,'2019-01-18 10:59:52'),(1661,43,6,'2019-01-18 10:59:52'),(1662,41,7,'2019-01-18 10:59:53'),(1663,92,8,'2019-01-18 10:59:53'),(1664,35,9,'2019-01-18 10:59:54'),(1665,78,1,'2019-01-18 11:11:18'),(1666,48,2,'2019-01-18 11:11:19'),(1667,91,3,'2019-01-18 11:11:19'),(1668,38,4,'2019-01-18 11:11:19'),(1669,26,5,'2019-01-18 11:11:19'),(1670,90,6,'2019-01-18 11:11:19'),(1671,69,7,'2019-01-18 11:11:19'),(1672,64,8,'2019-01-18 11:11:19'),(1673,12,9,'2019-01-18 11:11:19'),(1674,95,10,'2019-01-18 11:11:19'),(1675,45,11,'2019-01-18 11:11:19'),(1676,75,12,'2019-01-18 11:11:19'),(1677,54,13,'2019-01-18 11:11:19'),(1678,23,14,'2019-01-18 11:11:19'),(1679,5,15,'2019-01-18 11:11:19'),(1680,85,16,'2019-01-18 11:11:19'),(1681,25,17,'2019-01-18 11:11:19'),(1682,26,18,'2019-01-18 11:11:19'),(1683,48,19,'2019-01-18 11:11:19'),(1684,52,20,'2019-01-18 11:11:19'),(1685,78,21,'2019-01-18 11:11:19'),(1686,29,22,'2019-01-18 11:11:19'),(1687,62,23,'2019-01-18 11:11:19'),(1688,38,24,'2019-01-18 11:11:19'),(1689,38,25,'2019-01-18 11:11:19'),(1690,92,26,'2019-01-18 11:11:19'),(1691,54,27,'2019-01-18 11:11:19'),(1692,46,28,'2019-01-18 11:11:19'),(1693,23,29,'2019-01-18 11:11:19'),(1694,72,30,'2019-01-18 11:11:19'),(1695,27,31,'2019-01-18 11:11:19'),(1696,88,32,'2019-01-18 11:11:19'),(1697,21,33,'2019-01-18 11:11:19'),(1698,5,34,'2019-01-18 11:11:19'),(1699,40,35,'2019-01-18 11:11:19'),(1700,47,36,'2019-01-18 11:11:19'),(1701,88,37,'2019-01-18 11:11:19'),(1702,44,38,'2019-01-18 11:11:19'),(1703,24,39,'2019-01-18 11:11:19'),(1704,30,40,'2019-01-18 11:11:19'),(1705,71,41,'2019-01-18 11:11:19'),(1706,48,42,'2019-01-18 11:11:19'),(1707,15,43,'2019-01-18 11:11:19'),(1708,75,44,'2019-01-18 11:11:19'),(1709,70,45,'2019-01-18 11:11:19'),(1710,60,46,'2019-01-18 11:11:19'),(1711,56,47,'2019-01-18 11:11:19'),(1712,79,48,'2019-01-18 11:11:20'),(1713,5,1,'2019-01-18 11:12:20'),(1714,97,2,'2019-01-18 11:12:20'),(1715,68,3,'2019-01-18 11:12:20'),(1716,92,4,'2019-01-18 11:12:20'),(1717,62,5,'2019-01-18 11:12:20'),(1718,75,6,'2019-01-18 11:12:20'),(1719,55,7,'2019-01-18 11:12:20'),(1720,37,8,'2019-01-18 11:12:20'),(1721,86,9,'2019-01-18 11:12:20'),(1722,33,10,'2019-01-18 11:12:20'),(1723,81,11,'2019-01-18 11:12:20'),(1724,11,12,'2019-01-18 11:12:20'),(1725,36,13,'2019-01-18 11:12:20'),(1726,5,14,'2019-01-18 11:12:20'),(1727,95,15,'2019-01-18 11:12:20'),(1728,13,16,'2019-01-18 11:12:20'),(1729,1,17,'2019-01-18 11:12:20'),(1730,24,18,'2019-01-18 11:12:20'),(1731,17,19,'2019-01-18 11:12:20'),(1732,84,20,'2019-01-18 11:12:20'),(1733,49,21,'2019-01-18 11:12:20'),(1734,55,22,'2019-01-18 11:12:20'),(1735,73,23,'2019-01-18 11:12:20'),(1736,10,24,'2019-01-18 11:12:20'),(1737,40,25,'2019-01-18 11:12:20'),(1738,98,26,'2019-01-18 11:12:20'),(1739,79,27,'2019-01-18 11:12:20'),(1740,1,28,'2019-01-18 11:12:20'),(1741,50,29,'2019-01-18 11:12:20'),(1742,81,30,'2019-01-18 11:12:20'),(1743,83,31,'2019-01-18 11:12:20'),(1744,26,32,'2019-01-18 11:12:20'),(1745,74,33,'2019-01-18 11:12:20'),(1746,68,34,'2019-01-18 11:12:20'),(1747,77,35,'2019-01-18 11:12:20'),(1748,52,36,'2019-01-18 11:12:20'),(1749,65,37,'2019-01-18 11:12:20'),(1750,57,38,'2019-01-18 11:12:20'),(1751,18,39,'2019-01-18 11:12:20'),(1752,19,40,'2019-01-18 11:12:20'),(1753,6,41,'2019-01-18 11:12:20'),(1754,57,42,'2019-01-18 11:12:20'),(1755,69,43,'2019-01-18 11:12:20'),(1756,26,44,'2019-01-18 11:12:20'),(1757,88,45,'2019-01-18 11:12:20'),(1758,12,46,'2019-01-18 11:12:20'),(1759,86,47,'2019-01-18 11:12:20'),(1760,36,48,'2019-01-18 11:12:20'),(1761,67,1,'2019-01-18 11:18:43'),(1762,9,2,'2019-01-18 11:18:43'),(1763,72,3,'2019-01-18 11:18:43'),(1764,45,4,'2019-01-18 11:18:43'),(1765,13,5,'2019-01-18 11:18:43'),(1766,49,6,'2019-01-18 11:18:43'),(1767,26,7,'2019-01-18 11:18:43'),(1768,16,8,'2019-01-18 11:18:43'),(1769,12,9,'2019-01-18 11:18:43'),(1770,55,10,'2019-01-18 11:18:43'),(1771,51,11,'2019-01-18 11:18:43'),(1772,15,12,'2019-01-18 11:18:43'),(1773,2,13,'2019-01-18 11:18:43'),(1774,2,14,'2019-01-18 11:18:43'),(1775,27,15,'2019-01-18 11:18:43'),(1776,81,16,'2019-01-18 11:18:43'),(1777,91,17,'2019-01-18 11:18:43'),(1778,96,18,'2019-01-18 11:18:43'),(1779,5,19,'2019-01-18 11:18:43'),(1780,43,20,'2019-01-18 11:18:43'),(1781,72,21,'2019-01-18 11:18:43'),(1782,93,22,'2019-01-18 11:18:43'),(1783,54,23,'2019-01-18 11:18:43'),(1784,58,24,'2019-01-18 11:18:43'),(1785,56,25,'2019-01-18 11:18:43'),(1786,47,26,'2019-01-18 11:18:43'),(1787,62,27,'2019-01-18 11:18:43'),(1788,95,28,'2019-01-18 11:18:43'),(1789,67,29,'2019-01-18 11:18:43'),(1790,51,30,'2019-01-18 11:18:44'),(1791,25,31,'2019-01-18 11:18:44'),(1792,89,32,'2019-01-18 11:18:44'),(1793,50,33,'2019-01-18 11:18:44'),(1794,11,34,'2019-01-18 11:18:44'),(1795,17,35,'2019-01-18 11:18:44'),(1796,4,36,'2019-01-18 11:18:44'),(1797,45,37,'2019-01-18 11:18:44'),(1798,81,38,'2019-01-18 11:18:44'),(1799,86,39,'2019-01-18 11:18:44'),(1800,34,40,'2019-01-18 11:18:44'),(1801,28,41,'2019-01-18 11:18:44'),(1802,78,42,'2019-01-18 11:18:44'),(1803,10,43,'2019-01-18 11:18:44'),(1804,49,44,'2019-01-18 11:18:44'),(1805,48,45,'2019-01-18 11:18:44'),(1806,49,46,'2019-01-18 11:18:44'),(1807,24,47,'2019-01-18 11:18:44'),(1808,76,48,'2019-01-18 11:18:44'),(1809,76,1,'2019-01-18 11:38:17'),(1810,57,2,'2019-01-18 11:38:17'),(1811,54,3,'2019-01-18 11:38:17'),(1812,62,4,'2019-01-18 11:38:18'),(1813,26,5,'2019-01-18 11:38:18'),(1814,31,6,'2019-01-18 11:38:18'),(1815,76,7,'2019-01-18 11:38:18'),(1816,23,8,'2019-01-18 11:38:18'),(1817,51,9,'2019-01-18 11:38:18'),(1818,59,10,'2019-01-18 11:38:18'),(1819,10,11,'2019-01-18 11:38:18'),(1820,62,12,'2019-01-18 11:38:18'),(1821,7,13,'2019-01-18 11:38:18'),(1822,18,14,'2019-01-18 11:38:18'),(1823,63,15,'2019-01-18 11:38:18'),(1824,90,16,'2019-01-18 11:38:18'),(1825,99,17,'2019-01-18 11:38:18'),(1826,0,18,'2019-01-18 11:38:18'),(1827,45,19,'2019-01-18 11:38:18'),(1828,2,20,'2019-01-18 11:38:18'),(1829,11,21,'2019-01-18 11:38:18'),(1830,49,22,'2019-01-18 11:38:18'),(1831,31,23,'2019-01-18 11:38:18'),(1832,67,24,'2019-01-18 11:38:18'),(1833,5,25,'2019-01-18 11:38:18'),(1834,55,26,'2019-01-18 11:38:18'),(1835,30,27,'2019-01-18 11:38:18'),(1836,87,28,'2019-01-18 11:38:18'),(1837,18,29,'2019-01-18 11:38:18'),(1838,40,30,'2019-01-18 11:38:18'),(1839,16,31,'2019-01-18 11:38:18'),(1840,35,32,'2019-01-18 11:38:18'),(1841,81,33,'2019-01-18 11:38:18'),(1842,33,34,'2019-01-18 11:38:18'),(1843,55,35,'2019-01-18 11:38:18'),(1844,83,36,'2019-01-18 11:38:18'),(1845,11,37,'2019-01-18 11:38:18'),(1846,79,38,'2019-01-18 11:38:18'),(1847,86,39,'2019-01-18 11:38:18'),(1848,45,40,'2019-01-18 11:38:18'),(1849,82,41,'2019-01-18 11:38:18'),(1850,40,42,'2019-01-18 11:38:18'),(1851,52,43,'2019-01-18 11:38:18'),(1852,91,44,'2019-01-18 11:38:18'),(1853,45,45,'2019-01-18 11:38:18'),(1854,35,46,'2019-01-18 11:38:18'),(1855,6,47,'2019-01-18 11:38:18'),(1856,45,48,'2019-01-18 11:38:18'),(1857,69,1,'2019-01-18 11:54:45'),(1858,34,2,'2019-01-18 11:54:45'),(1859,30,3,'2019-01-18 11:54:45'),(1860,67,4,'2019-01-18 11:54:45'),(1861,58,5,'2019-01-18 11:54:45'),(1862,76,6,'2019-01-18 11:54:45'),(1863,56,7,'2019-01-18 11:54:45'),(1864,38,8,'2019-01-18 11:54:45'),(1865,82,9,'2019-01-18 11:54:45'),(1866,72,10,'2019-01-18 11:54:45'),(1867,51,11,'2019-01-18 11:54:45'),(1868,1,12,'2019-01-18 11:54:45'),(1869,6,13,'2019-01-18 11:54:45'),(1870,88,14,'2019-01-18 11:54:45'),(1871,28,15,'2019-01-18 11:54:45'),(1872,53,16,'2019-01-18 11:54:45'),(1873,99,17,'2019-01-18 11:54:45'),(1874,86,18,'2019-01-18 11:54:45'),(1875,14,19,'2019-01-18 11:54:45'),(1876,93,20,'2019-01-18 11:54:45'),(1877,45,21,'2019-01-18 11:54:45'),(1878,39,22,'2019-01-18 11:54:45'),(1879,29,23,'2019-01-18 11:54:45'),(1880,82,24,'2019-01-18 11:54:45'),(1881,96,25,'2019-01-18 11:54:45'),(1882,34,26,'2019-01-18 11:54:45'),(1883,87,27,'2019-01-18 11:54:45'),(1884,41,28,'2019-01-18 11:54:45'),(1885,36,29,'2019-01-18 11:54:45'),(1886,24,30,'2019-01-18 11:54:45'),(1887,16,31,'2019-01-18 11:54:45'),(1888,24,32,'2019-01-18 11:54:45'),(1889,80,33,'2019-01-18 11:54:45'),(1890,5,34,'2019-01-18 11:54:45'),(1891,35,35,'2019-01-18 11:54:45'),(1892,91,36,'2019-01-18 11:54:45'),(1893,73,37,'2019-01-18 11:54:46'),(1894,98,38,'2019-01-18 11:54:46'),(1895,89,39,'2019-01-18 11:54:46'),(1896,95,40,'2019-01-18 11:54:46'),(1897,13,41,'2019-01-18 11:54:46'),(1898,86,42,'2019-01-18 11:54:46'),(1899,77,43,'2019-01-18 11:54:46'),(1900,16,44,'2019-01-18 11:54:46'),(1901,18,45,'2019-01-18 11:54:46'),(1902,73,46,'2019-01-18 11:54:46'),(1903,68,47,'2019-01-18 11:54:46'),(1904,74,48,'2019-01-18 11:54:46'),(1905,77,1,'2019-01-18 12:14:49'),(1906,93,2,'2019-01-18 12:14:49'),(1907,62,3,'2019-01-18 12:14:49'),(1908,15,4,'2019-01-18 12:14:49'),(1909,97,5,'2019-01-18 12:14:49'),(1910,25,6,'2019-01-18 12:14:49'),(1911,35,7,'2019-01-18 12:14:49'),(1912,95,8,'2019-01-18 12:14:49'),(1913,34,9,'2019-01-18 12:14:49'),(1914,53,10,'2019-01-18 12:14:49'),(1915,61,11,'2019-01-18 12:14:49'),(1916,98,12,'2019-01-18 12:14:49'),(1917,17,13,'2019-01-18 12:14:49'),(1918,1,14,'2019-01-18 12:14:49'),(1919,16,15,'2019-01-18 12:14:49'),(1920,56,16,'2019-01-18 12:14:49'),(1921,70,17,'2019-01-18 12:14:49'),(1922,43,18,'2019-01-18 12:14:49'),(1923,77,19,'2019-01-18 12:14:49'),(1924,30,20,'2019-01-18 12:14:49'),(1925,62,21,'2019-01-18 12:14:49'),(1926,14,22,'2019-01-18 12:14:49'),(1927,56,23,'2019-01-18 12:14:49'),(1928,44,24,'2019-01-18 12:14:49'),(1929,38,25,'2019-01-18 12:14:49'),(1930,70,26,'2019-01-18 12:14:49'),(1931,29,27,'2019-01-18 12:14:49'),(1932,79,28,'2019-01-18 12:14:49'),(1933,54,29,'2019-01-18 12:14:49'),(1934,38,30,'2019-01-18 12:14:49'),(1935,75,31,'2019-01-18 12:14:49'),(1936,22,32,'2019-01-18 12:14:49'),(1937,70,33,'2019-01-18 12:14:49'),(1938,45,34,'2019-01-18 12:14:49'),(1939,61,35,'2019-01-18 12:14:49'),(1940,90,36,'2019-01-18 12:14:49'),(1941,98,37,'2019-01-18 12:14:49'),(1942,66,38,'2019-01-18 12:14:49'),(1943,8,39,'2019-01-18 12:14:49'),(1944,26,40,'2019-01-18 12:14:50'),(1945,24,41,'2019-01-18 12:14:50'),(1946,97,42,'2019-01-18 12:14:50'),(1947,62,43,'2019-01-18 12:14:50'),(1948,84,44,'2019-01-18 12:14:50'),(1949,89,45,'2019-01-18 12:14:50'),(1950,95,46,'2019-01-18 12:14:50'),(1951,5,47,'2019-01-18 12:14:50'),(1952,43,48,'2019-01-18 12:14:50'),(1953,7,1,'2019-01-18 12:21:15'),(1954,70,2,'2019-01-18 12:21:15'),(1955,38,3,'2019-01-18 12:21:15'),(1956,11,4,'2019-01-18 12:21:15'),(1957,16,5,'2019-01-18 12:21:15'),(1958,71,6,'2019-01-18 12:21:15'),(1959,23,7,'2019-01-18 12:21:15'),(1960,72,8,'2019-01-18 12:21:15'),(1961,0,9,'2019-01-18 12:21:15'),(1962,90,10,'2019-01-18 12:21:15'),(1963,45,11,'2019-01-18 12:21:15'),(1964,1,12,'2019-01-18 12:21:15'),(1965,64,13,'2019-01-18 12:21:15'),(1966,71,14,'2019-01-18 12:21:15'),(1967,92,15,'2019-01-18 12:21:16'),(1968,30,16,'2019-01-18 12:21:16'),(1969,28,17,'2019-01-18 12:21:16'),(1970,25,18,'2019-01-18 12:21:16'),(1971,32,19,'2019-01-18 12:21:16'),(1972,30,20,'2019-01-18 12:21:16'),(1973,37,21,'2019-01-18 12:21:16'),(1974,76,22,'2019-01-18 12:21:16'),(1975,97,23,'2019-01-18 12:21:16'),(1976,76,24,'2019-01-18 12:21:16'),(1977,44,25,'2019-01-18 12:21:16'),(1978,28,26,'2019-01-18 12:21:16'),(1979,17,27,'2019-01-18 12:21:16'),(1980,28,28,'2019-01-18 12:21:16'),(1981,35,29,'2019-01-18 12:21:16'),(1982,54,30,'2019-01-18 12:21:16'),(1983,7,31,'2019-01-18 12:21:16'),(1984,9,32,'2019-01-18 12:21:16'),(1985,64,33,'2019-01-18 12:21:16'),(1986,85,34,'2019-01-18 12:21:16'),(1987,92,35,'2019-01-18 12:21:16'),(1988,17,36,'2019-01-18 12:21:16'),(1989,5,37,'2019-01-18 12:21:16'),(1990,91,38,'2019-01-18 12:21:16'),(1991,19,39,'2019-01-18 12:21:16'),(1992,84,40,'2019-01-18 12:21:16'),(1993,21,41,'2019-01-18 12:21:16'),(1994,67,42,'2019-01-18 12:21:16'),(1995,0,43,'2019-01-18 12:21:16'),(1996,13,44,'2019-01-18 12:21:16'),(1997,88,45,'2019-01-18 12:21:16'),(1998,98,46,'2019-01-18 12:21:16'),(1999,1,47,'2019-01-18 12:21:16'),(2000,54,48,'2019-01-18 12:21:16'),(2001,16,1,'2019-01-18 12:29:03'),(2002,73,2,'2019-01-18 12:29:03'),(2003,82,3,'2019-01-18 12:29:03'),(2004,60,4,'2019-01-18 12:29:03'),(2005,28,5,'2019-01-18 12:29:03'),(2006,0,6,'2019-01-18 12:29:03'),(2007,96,7,'2019-01-18 12:29:03'),(2008,78,8,'2019-01-18 12:29:03'),(2009,74,9,'2019-01-18 12:29:03'),(2010,60,10,'2019-01-18 12:29:03'),(2011,2,11,'2019-01-18 12:29:03'),(2012,62,12,'2019-01-18 12:29:03'),(2013,27,13,'2019-01-18 12:29:03'),(2014,56,14,'2019-01-18 12:29:03'),(2015,46,15,'2019-01-18 12:29:03'),(2016,37,16,'2019-01-18 12:29:03'),(2017,20,17,'2019-01-18 12:29:03'),(2018,1,18,'2019-01-18 12:29:03'),(2019,57,19,'2019-01-18 12:29:03'),(2020,66,20,'2019-01-18 12:29:03'),(2021,43,21,'2019-01-18 12:29:03'),(2022,41,22,'2019-01-18 12:29:03'),(2023,11,23,'2019-01-18 12:29:03'),(2024,90,24,'2019-01-18 12:29:03'),(2025,97,25,'2019-01-18 12:29:03'),(2026,29,26,'2019-01-18 12:29:03'),(2027,86,27,'2019-01-18 12:29:03'),(2028,60,28,'2019-01-18 12:29:03'),(2029,76,29,'2019-01-18 12:29:03'),(2030,43,30,'2019-01-18 12:29:03'),(2031,0,31,'2019-01-18 12:29:03'),(2032,96,32,'2019-01-18 12:29:03'),(2033,47,33,'2019-01-18 12:29:03'),(2034,97,34,'2019-01-18 12:29:03'),(2035,75,35,'2019-01-18 12:29:03'),(2036,66,36,'2019-01-18 12:29:03'),(2037,23,37,'2019-01-18 12:29:04'),(2038,3,38,'2019-01-18 12:29:04'),(2039,29,39,'2019-01-18 12:29:04'),(2040,88,40,'2019-01-18 12:29:04'),(2041,40,41,'2019-01-18 12:29:04'),(2042,59,42,'2019-01-18 12:29:04'),(2043,60,43,'2019-01-18 12:29:04'),(2044,81,44,'2019-01-18 12:29:04'),(2045,76,45,'2019-01-18 12:29:04'),(2046,88,46,'2019-01-18 12:29:04'),(2047,48,47,'2019-01-18 12:29:04'),(2048,43,48,'2019-01-18 12:29:04'),(2049,84,1,'2019-01-18 13:57:13'),(2050,18,2,'2019-01-18 13:57:13'),(2051,25,3,'2019-01-18 13:57:13'),(2052,46,4,'2019-01-18 13:57:13'),(2053,40,5,'2019-01-18 13:57:13'),(2054,28,6,'2019-01-18 13:57:13'),(2055,7,7,'2019-01-18 13:57:13'),(2056,39,8,'2019-01-18 13:57:13'),(2057,12,9,'2019-01-18 13:57:13'),(2058,21,10,'2019-01-18 13:57:13'),(2059,78,11,'2019-01-18 13:57:13'),(2060,3,12,'2019-01-18 13:57:13'),(2061,57,13,'2019-01-18 13:57:13'),(2062,83,14,'2019-01-18 13:57:13'),(2063,9,15,'2019-01-18 13:57:13'),(2064,5,16,'2019-01-18 13:57:13'),(2065,65,17,'2019-01-18 13:57:14'),(2066,55,18,'2019-01-18 13:57:14'),(2067,33,19,'2019-01-18 13:57:14'),(2068,67,20,'2019-01-18 13:57:14'),(2069,35,21,'2019-01-18 13:57:14'),(2070,98,22,'2019-01-18 13:57:14'),(2071,34,23,'2019-01-18 13:57:14'),(2072,69,24,'2019-01-18 13:57:14'),(2073,86,25,'2019-01-18 13:57:14'),(2074,6,26,'2019-01-18 13:57:14'),(2075,39,27,'2019-01-18 13:57:14'),(2076,7,28,'2019-01-18 13:57:14'),(2077,90,29,'2019-01-18 13:57:14'),(2078,0,30,'2019-01-18 13:57:14'),(2079,5,31,'2019-01-18 13:57:14'),(2080,16,32,'2019-01-18 13:57:14'),(2081,23,33,'2019-01-18 13:57:14'),(2082,69,34,'2019-01-18 13:57:14'),(2083,3,35,'2019-01-18 13:57:14'),(2084,94,36,'2019-01-18 13:57:14'),(2085,37,37,'2019-01-18 13:57:14'),(2086,66,38,'2019-01-18 13:57:14'),(2087,96,39,'2019-01-18 13:57:14'),(2088,0,40,'2019-01-18 13:57:14'),(2089,52,41,'2019-01-18 13:57:14'),(2090,34,42,'2019-01-18 13:57:14'),(2091,74,43,'2019-01-18 13:57:14'),(2092,55,44,'2019-01-18 13:57:14'),(2093,49,45,'2019-01-18 13:57:14'),(2094,87,46,'2019-01-18 13:57:14'),(2095,78,47,'2019-01-18 13:57:14'),(2096,40,48,'2019-01-18 13:57:14'),(2097,48,1,'2019-01-18 13:57:50'),(2098,92,2,'2019-01-18 13:57:50'),(2099,61,3,'2019-01-18 13:57:50'),(2100,2,4,'2019-01-18 13:57:50'),(2101,25,5,'2019-01-18 13:57:50'),(2102,79,6,'2019-01-18 13:57:50'),(2103,36,7,'2019-01-18 13:57:51'),(2104,83,8,'2019-01-18 13:57:51'),(2105,86,9,'2019-01-18 13:57:51'),(2106,48,10,'2019-01-18 13:57:51'),(2107,65,11,'2019-01-18 13:57:51'),(2108,22,12,'2019-01-18 13:57:51'),(2109,0,13,'2019-01-18 13:57:51'),(2110,16,14,'2019-01-18 13:57:51'),(2111,17,15,'2019-01-18 13:57:51'),(2112,2,16,'2019-01-18 13:57:51'),(2113,7,17,'2019-01-18 13:57:51'),(2114,48,18,'2019-01-18 13:57:51'),(2115,58,19,'2019-01-18 13:57:51'),(2116,58,20,'2019-01-18 13:57:51'),(2117,54,21,'2019-01-18 13:57:51'),(2118,89,22,'2019-01-18 13:57:51'),(2119,37,23,'2019-01-18 13:57:51'),(2120,74,24,'2019-01-18 13:57:51'),(2121,54,25,'2019-01-18 13:57:51'),(2122,12,26,'2019-01-18 13:57:51'),(2123,96,27,'2019-01-18 13:57:51'),(2124,70,28,'2019-01-18 13:57:51'),(2125,87,29,'2019-01-18 13:57:51'),(2126,72,30,'2019-01-18 13:57:51'),(2127,53,31,'2019-01-18 13:57:51'),(2128,41,32,'2019-01-18 13:57:51'),(2129,76,33,'2019-01-18 13:57:51'),(2130,85,34,'2019-01-18 13:57:51'),(2131,6,35,'2019-01-18 13:57:52'),(2132,51,36,'2019-01-18 13:57:52'),(2133,18,37,'2019-01-18 13:57:52'),(2134,7,38,'2019-01-18 13:57:52'),(2135,31,39,'2019-01-18 13:57:52'),(2136,8,40,'2019-01-18 13:57:52'),(2137,86,41,'2019-01-18 13:57:52'),(2138,68,42,'2019-01-18 13:57:52'),(2139,40,43,'2019-01-18 13:57:52'),(2140,8,44,'2019-01-18 13:57:52'),(2141,11,45,'2019-01-18 13:57:52'),(2142,1,46,'2019-01-18 13:57:52'),(2143,53,47,'2019-01-18 13:57:52'),(2144,33,48,'2019-01-18 13:57:52'),(2145,22,1,'2019-01-18 13:58:47'),(2146,77,2,'2019-01-18 13:58:47'),(2147,7,3,'2019-01-18 13:58:47'),(2148,39,4,'2019-01-18 13:58:47'),(2149,74,5,'2019-01-18 13:58:47'),(2150,10,6,'2019-01-18 13:58:47'),(2151,9,7,'2019-01-18 13:58:47'),(2152,22,8,'2019-01-18 13:58:47'),(2153,66,9,'2019-01-18 13:58:47'),(2154,15,10,'2019-01-18 13:58:47'),(2155,61,11,'2019-01-18 13:58:47'),(2156,17,12,'2019-01-18 13:58:47'),(2157,30,13,'2019-01-18 13:58:47'),(2158,8,14,'2019-01-18 13:58:47'),(2159,10,15,'2019-01-18 13:58:47'),(2160,20,16,'2019-01-18 13:58:47'),(2161,83,17,'2019-01-18 13:58:47'),(2162,14,18,'2019-01-18 13:58:48'),(2163,41,19,'2019-01-18 13:58:48'),(2164,79,20,'2019-01-18 13:58:48'),(2165,62,21,'2019-01-18 13:58:48'),(2166,35,22,'2019-01-18 13:58:48'),(2167,55,23,'2019-01-18 13:58:48'),(2168,19,24,'2019-01-18 13:58:48'),(2169,28,25,'2019-01-18 13:58:48'),(2170,94,26,'2019-01-18 13:58:48'),(2171,69,27,'2019-01-18 13:58:48'),(2172,53,28,'2019-01-18 13:58:48'),(2173,54,29,'2019-01-18 13:58:48'),(2174,35,30,'2019-01-18 13:58:48'),(2175,48,31,'2019-01-18 13:58:48'),(2176,79,32,'2019-01-18 13:58:48'),(2177,18,33,'2019-01-18 13:58:48'),(2178,56,34,'2019-01-18 13:58:48'),(2179,54,35,'2019-01-18 13:58:48'),(2180,54,36,'2019-01-18 13:58:48'),(2181,30,37,'2019-01-18 13:58:48'),(2182,0,38,'2019-01-18 13:58:48'),(2183,76,39,'2019-01-18 13:58:48'),(2184,79,40,'2019-01-18 13:58:48'),(2185,71,41,'2019-01-18 13:58:48'),(2186,60,42,'2019-01-18 13:58:48'),(2187,13,43,'2019-01-18 13:58:48'),(2188,41,44,'2019-01-18 13:58:48'),(2189,65,45,'2019-01-18 13:58:48'),(2190,3,46,'2019-01-18 13:58:48'),(2191,42,47,'2019-01-18 13:58:48'),(2192,12,48,'2019-01-18 13:58:48'),(2193,23,1,'2019-01-18 13:59:48'),(2194,42,2,'2019-01-18 13:59:49'),(2195,62,3,'2019-01-18 13:59:49'),(2196,86,4,'2019-01-18 13:59:49'),(2197,14,5,'2019-01-18 13:59:49'),(2198,57,6,'2019-01-18 13:59:49'),(2199,10,7,'2019-01-18 13:59:49'),(2200,43,8,'2019-01-18 13:59:49'),(2201,70,9,'2019-01-18 13:59:49'),(2202,90,10,'2019-01-18 13:59:49'),(2203,74,11,'2019-01-18 13:59:49'),(2204,94,12,'2019-01-18 13:59:49'),(2205,99,13,'2019-01-18 13:59:49'),(2206,14,14,'2019-01-18 13:59:49'),(2207,87,15,'2019-01-18 13:59:49'),(2208,56,16,'2019-01-18 13:59:49'),(2209,26,17,'2019-01-18 13:59:49'),(2210,13,18,'2019-01-18 13:59:49'),(2211,51,19,'2019-01-18 13:59:49'),(2212,22,20,'2019-01-18 13:59:49'),(2213,57,21,'2019-01-18 13:59:49'),(2214,79,22,'2019-01-18 13:59:49'),(2215,96,23,'2019-01-18 13:59:49'),(2216,54,24,'2019-01-18 13:59:49'),(2217,92,25,'2019-01-18 13:59:49'),(2218,91,26,'2019-01-18 13:59:49'),(2219,58,27,'2019-01-18 13:59:49'),(2220,63,28,'2019-01-18 13:59:49'),(2221,56,29,'2019-01-18 13:59:49'),(2222,10,30,'2019-01-18 13:59:49'),(2223,98,31,'2019-01-18 13:59:49'),(2224,12,32,'2019-01-18 13:59:49'),(2225,61,33,'2019-01-18 13:59:49'),(2226,79,34,'2019-01-18 13:59:49'),(2227,12,35,'2019-01-18 13:59:49'),(2228,12,36,'2019-01-18 13:59:49'),(2229,41,37,'2019-01-18 13:59:49'),(2230,12,38,'2019-01-18 13:59:49'),(2231,73,39,'2019-01-18 13:59:49'),(2232,78,40,'2019-01-18 13:59:50'),(2233,26,41,'2019-01-18 13:59:50'),(2234,99,42,'2019-01-18 13:59:50'),(2235,35,43,'2019-01-18 13:59:50'),(2236,20,44,'2019-01-18 13:59:50'),(2237,42,45,'2019-01-18 13:59:50'),(2238,63,46,'2019-01-18 13:59:50'),(2239,76,47,'2019-01-18 13:59:50'),(2240,77,48,'2019-01-18 13:59:50'),(2241,92,1,'2019-01-18 14:29:08'),(2242,7,2,'2019-01-18 14:29:08'),(2243,94,3,'2019-01-18 14:29:08'),(2244,85,4,'2019-01-18 14:29:08'),(2245,85,5,'2019-01-18 14:29:08'),(2246,80,6,'2019-01-18 14:29:08'),(2247,20,7,'2019-01-18 14:29:09'),(2248,85,8,'2019-01-18 14:29:09'),(2249,99,9,'2019-01-18 14:29:09'),(2250,63,10,'2019-01-18 14:29:09'),(2251,45,11,'2019-01-18 14:29:09'),(2252,22,12,'2019-01-18 14:29:09'),(2253,32,13,'2019-01-18 14:29:09'),(2254,97,14,'2019-01-18 14:29:09'),(2255,94,15,'2019-01-18 14:29:09'),(2256,78,16,'2019-01-18 14:29:09'),(2257,71,17,'2019-01-18 14:29:09'),(2258,90,18,'2019-01-18 14:29:09'),(2259,17,19,'2019-01-18 14:29:09'),(2260,98,20,'2019-01-18 14:29:09'),(2261,44,21,'2019-01-18 14:29:09'),(2262,34,22,'2019-01-18 14:29:09'),(2263,62,23,'2019-01-18 14:29:09'),(2264,61,24,'2019-01-18 14:29:09'),(2265,30,25,'2019-01-18 14:29:09'),(2266,54,26,'2019-01-18 14:29:09'),(2267,23,27,'2019-01-18 14:29:09'),(2268,31,28,'2019-01-18 14:29:09'),(2269,66,29,'2019-01-18 14:29:09'),(2270,31,30,'2019-01-18 14:29:09'),(2271,68,31,'2019-01-18 14:29:09'),(2272,64,32,'2019-01-18 14:29:09'),(2273,37,33,'2019-01-18 14:29:09'),(2274,72,34,'2019-01-18 14:29:09'),(2275,29,35,'2019-01-18 14:29:09'),(2276,82,36,'2019-01-18 14:29:09'),(2277,49,37,'2019-01-18 14:29:09'),(2278,92,38,'2019-01-18 14:29:09'),(2279,4,39,'2019-01-18 14:29:09'),(2280,20,40,'2019-01-18 14:29:09'),(2281,17,41,'2019-01-18 14:29:09'),(2282,43,42,'2019-01-18 14:29:09'),(2283,29,43,'2019-01-18 14:29:09'),(2284,67,44,'2019-01-18 14:29:09'),(2285,24,45,'2019-01-18 14:29:09'),(2286,6,46,'2019-01-18 14:29:09'),(2287,83,47,'2019-01-18 14:29:09'),(2288,39,48,'2019-01-18 14:29:09'),(2289,26,1,'2019-01-18 14:31:54'),(2290,30,2,'2019-01-18 14:31:54'),(2291,0,3,'2019-01-18 14:31:54'),(2292,0,4,'2019-01-18 14:31:54'),(2293,0,5,'2019-01-18 14:31:54'),(2294,0,6,'2019-01-18 14:31:54'),(2295,30,7,'2019-01-18 14:31:54'),(2296,19,8,'2019-01-18 14:31:54'),(2297,0,9,'2019-01-18 14:31:55'),(2298,0,10,'2019-01-18 14:31:55'),(2299,0,11,'2019-01-18 14:31:55'),(2300,0,12,'2019-01-18 14:31:55'),(2301,19,13,'2019-01-18 14:31:55'),(2302,17,14,'2019-01-18 14:31:55'),(2303,0,15,'2019-01-18 14:31:55'),(2304,0,16,'2019-01-18 14:31:55'),(2305,0,17,'2019-01-18 14:31:55'),(2306,0,18,'2019-01-18 14:31:55'),(2307,16,19,'2019-01-18 14:31:55'),(2308,23,20,'2019-01-18 14:31:55'),(2309,0,21,'2019-01-18 14:31:55'),(2310,0,22,'2019-01-18 14:31:55'),(2311,0,23,'2019-01-18 14:31:55'),(2312,0,24,'2019-01-18 14:31:55'),(2313,20,25,'2019-01-18 14:31:55'),(2314,17,26,'2019-01-18 14:31:55'),(2315,0,27,'2019-01-18 14:31:55'),(2316,0,28,'2019-01-18 14:31:55'),(2317,0,29,'2019-01-18 14:31:55'),(2318,0,30,'2019-01-18 14:31:55'),(2319,21,31,'2019-01-18 14:31:55'),(2320,20,32,'2019-01-18 14:31:55'),(2321,0,33,'2019-01-18 14:31:55'),(2322,0,34,'2019-01-18 14:31:55'),(2323,0,35,'2019-01-18 14:31:55'),(2324,0,36,'2019-01-18 14:31:55'),(2325,28,37,'2019-01-18 14:31:55'),(2326,28,38,'2019-01-18 14:31:55'),(2327,0,39,'2019-01-18 14:31:55'),(2328,0,40,'2019-01-18 14:31:55'),(2329,0,41,'2019-01-18 14:31:55'),(2330,0,42,'2019-01-18 14:31:55'),(2331,24,43,'2019-01-18 14:31:55'),(2332,17,44,'2019-01-18 14:31:55'),(2333,0,45,'2019-01-18 14:31:55'),(2334,0,46,'2019-01-18 14:31:55'),(2335,0,47,'2019-01-18 14:31:56'),(2336,0,48,'2019-01-18 14:31:56'),(2337,24,1,'2019-01-18 14:43:49'),(2338,16,2,'2019-01-18 14:43:49'),(2339,0,3,'2019-01-18 14:43:49'),(2340,0,4,'2019-01-18 14:43:49'),(2341,28,5,'2019-01-18 14:43:50'),(2342,20,6,'2019-01-18 14:43:50'),(2343,24,7,'2019-01-18 14:43:50'),(2344,19,8,'2019-01-18 14:43:50'),(2345,0,9,'2019-01-18 14:43:50'),(2346,0,10,'2019-01-18 14:43:50'),(2347,29,11,'2019-01-18 14:43:50'),(2348,14,12,'2019-01-18 14:43:50'),(2349,30,13,'2019-01-18 14:43:50'),(2350,25,14,'2019-01-18 14:43:50'),(2351,0,15,'2019-01-18 14:43:50'),(2352,0,16,'2019-01-18 14:43:50'),(2353,13,17,'2019-01-18 14:43:50'),(2354,11,18,'2019-01-18 14:43:50'),(2355,20,19,'2019-01-18 14:43:50'),(2356,21,20,'2019-01-18 14:43:50'),(2357,0,21,'2019-01-18 14:43:50'),(2358,0,22,'2019-01-18 14:43:50'),(2359,6,23,'2019-01-18 14:43:50'),(2360,30,24,'2019-01-18 14:43:50'),(2361,23,25,'2019-01-18 14:43:50'),(2362,24,26,'2019-01-18 14:43:50'),(2363,0,27,'2019-01-18 14:43:50'),(2364,0,28,'2019-01-18 14:43:50'),(2365,15,29,'2019-01-18 14:43:50'),(2366,7,30,'2019-01-18 14:43:50'),(2367,23,31,'2019-01-18 14:43:50'),(2368,22,32,'2019-01-18 14:43:50'),(2369,0,33,'2019-01-18 14:43:50'),(2370,0,34,'2019-01-18 14:43:50'),(2371,12,35,'2019-01-18 14:43:50'),(2372,19,36,'2019-01-18 14:43:51'),(2373,25,37,'2019-01-18 14:43:51'),(2374,26,38,'2019-01-18 14:43:51'),(2375,0,39,'2019-01-18 14:43:51'),(2376,0,40,'2019-01-18 14:43:51'),(2377,12,41,'2019-01-18 14:43:51'),(2378,31,42,'2019-01-18 14:43:51'),(2379,26,43,'2019-01-18 14:43:51'),(2380,25,44,'2019-01-18 14:43:51'),(2381,0,45,'2019-01-18 14:43:51'),(2382,0,46,'2019-01-18 14:43:51'),(2383,5,47,'2019-01-18 14:43:51'),(2384,23,48,'2019-01-18 14:43:51'),(2385,27,1,'2019-01-18 14:44:47'),(2386,16,2,'2019-01-18 14:44:47'),(2387,62,3,'2019-01-18 14:44:47'),(2388,36,4,'2019-01-18 14:44:47'),(2389,12,5,'2019-01-18 14:44:47'),(2390,10,6,'2019-01-18 14:44:47'),(2391,24,7,'2019-01-18 14:44:47'),(2392,24,8,'2019-01-18 14:44:47'),(2393,59,9,'2019-01-18 14:44:47'),(2394,35,10,'2019-01-18 14:44:47'),(2395,18,11,'2019-01-18 14:44:47'),(2396,8,12,'2019-01-18 14:44:47'),(2397,23,13,'2019-01-18 14:44:48'),(2398,25,14,'2019-01-18 14:44:48'),(2399,47,15,'2019-01-18 14:44:48'),(2400,48,16,'2019-01-18 14:44:48'),(2401,25,17,'2019-01-18 14:44:48'),(2402,26,18,'2019-01-18 14:44:48'),(2403,26,19,'2019-01-18 14:44:48'),(2404,18,20,'2019-01-18 14:44:48'),(2405,63,21,'2019-01-18 14:44:48'),(2406,49,22,'2019-01-18 14:44:48'),(2407,9,23,'2019-01-18 14:44:48'),(2408,15,24,'2019-01-18 14:44:48'),(2409,23,25,'2019-01-18 14:44:48'),(2410,25,26,'2019-01-18 14:44:48'),(2411,42,27,'2019-01-18 14:44:48'),(2412,49,28,'2019-01-18 14:44:48'),(2413,31,29,'2019-01-18 14:44:48'),(2414,24,30,'2019-01-18 14:44:48'),(2415,23,31,'2019-01-18 14:44:48'),(2416,29,32,'2019-01-18 14:44:48'),(2417,67,33,'2019-01-18 14:44:48'),(2418,56,34,'2019-01-18 14:44:48'),(2419,17,35,'2019-01-18 14:44:48'),(2420,7,36,'2019-01-18 14:44:48'),(2421,21,37,'2019-01-18 14:44:48'),(2422,21,38,'2019-01-18 14:44:48'),(2423,69,39,'2019-01-18 14:44:48'),(2424,52,40,'2019-01-18 14:44:48'),(2425,7,41,'2019-01-18 14:44:48'),(2426,30,42,'2019-01-18 14:44:49'),(2427,24,43,'2019-01-18 14:44:49'),(2428,24,44,'2019-01-18 14:44:49'),(2429,34,45,'2019-01-18 14:44:49'),(2430,47,46,'2019-01-18 14:44:49'),(2431,17,47,'2019-01-18 14:44:49'),(2432,11,48,'2019-01-18 14:44:49'),(2433,28,1,'2019-01-18 15:32:17'),(2434,23,2,'2019-01-18 15:32:17'),(2435,43,3,'2019-01-18 15:32:17'),(2436,59,4,'2019-01-18 15:32:17'),(2437,16,5,'2019-01-18 15:32:17'),(2438,28,6,'2019-01-18 15:32:17'),(2439,22,7,'2019-01-18 15:32:17'),(2440,23,8,'2019-01-18 15:32:17'),(2441,35,9,'2019-01-18 15:32:17'),(2442,41,10,'2019-01-18 15:32:17'),(2443,29,11,'2019-01-18 15:32:17'),(2444,25,12,'2019-01-18 15:32:17'),(2445,26,13,'2019-01-18 15:32:18'),(2446,30,14,'2019-01-18 15:32:18'),(2447,32,15,'2019-01-18 15:32:18'),(2448,70,16,'2019-01-18 15:32:18'),(2449,12,17,'2019-01-18 15:32:18'),(2450,23,18,'2019-01-18 15:32:18'),(2451,16,19,'2019-01-18 15:32:18'),(2452,30,20,'2019-01-18 15:32:18'),(2453,50,21,'2019-01-18 15:32:18'),(2454,46,22,'2019-01-18 15:32:18'),(2455,24,23,'2019-01-18 15:32:18'),(2456,26,24,'2019-01-18 15:32:18'),(2457,24,25,'2019-01-18 15:32:18'),(2458,19,26,'2019-01-18 15:32:18'),(2459,68,27,'2019-01-18 15:32:18'),(2460,59,28,'2019-01-18 15:32:18'),(2461,24,29,'2019-01-18 15:32:18'),(2462,10,30,'2019-01-18 15:32:18'),(2463,17,31,'2019-01-18 15:32:18'),(2464,16,32,'2019-01-18 15:32:18'),(2465,62,33,'2019-01-18 15:32:18'),(2466,51,34,'2019-01-18 15:32:18'),(2467,18,35,'2019-01-18 15:32:18'),(2468,20,36,'2019-01-18 15:32:18'),(2469,26,37,'2019-01-18 15:32:18'),(2470,16,38,'2019-01-18 15:32:18'),(2471,41,39,'2019-01-18 15:32:18'),(2472,63,40,'2019-01-18 15:32:18'),(2473,17,41,'2019-01-18 15:32:18'),(2474,6,42,'2019-01-18 15:32:18'),(2475,25,43,'2019-01-18 15:32:18'),(2476,19,44,'2019-01-18 15:32:19'),(2477,44,45,'2019-01-18 15:32:19'),(2478,54,46,'2019-01-18 15:32:19'),(2479,8,47,'2019-01-18 15:32:19'),(2480,19,48,'2019-01-18 15:32:19'),(2481,26,1,'2019-01-18 15:33:19'),(2482,16,2,'2019-01-18 15:33:19'),(2483,59,3,'2019-01-18 15:33:19'),(2484,69,4,'2019-01-18 15:33:19'),(2485,24,5,'2019-01-18 15:33:19'),(2486,21,6,'2019-01-18 15:33:19'),(2487,18,7,'2019-01-18 15:33:19'),(2488,28,8,'2019-01-18 15:33:19'),(2489,43,9,'2019-01-18 15:33:19'),(2490,69,10,'2019-01-18 15:33:19'),(2491,28,11,'2019-01-18 15:33:19'),(2492,17,12,'2019-01-18 15:33:19'),(2493,18,13,'2019-01-18 15:33:19'),(2494,20,14,'2019-01-18 15:33:19'),(2495,36,15,'2019-01-18 15:33:19'),(2496,68,16,'2019-01-18 15:33:19'),(2497,26,17,'2019-01-18 15:33:19'),(2498,14,18,'2019-01-18 15:33:19'),(2499,29,19,'2019-01-18 15:33:19'),(2500,24,20,'2019-01-18 15:33:20'),(2501,58,21,'2019-01-18 15:33:20'),(2502,38,22,'2019-01-18 15:33:20'),(2503,12,23,'2019-01-18 15:33:20'),(2504,31,24,'2019-01-18 15:33:20'),(2505,18,25,'2019-01-18 15:33:20'),(2506,20,26,'2019-01-18 15:33:20'),(2507,64,27,'2019-01-18 15:33:20'),(2508,50,28,'2019-01-18 15:33:20'),(2509,24,29,'2019-01-18 15:33:20'),(2510,17,30,'2019-01-18 15:33:20'),(2511,18,31,'2019-01-18 15:33:20'),(2512,15,32,'2019-01-18 15:33:20'),(2513,49,33,'2019-01-18 15:33:20'),(2514,39,34,'2019-01-18 15:33:20'),(2515,22,35,'2019-01-18 15:33:20'),(2516,14,36,'2019-01-18 15:33:20'),(2517,16,37,'2019-01-18 15:33:20'),(2518,28,38,'2019-01-18 15:33:20'),(2519,39,39,'2019-01-18 15:33:20'),(2520,55,40,'2019-01-18 15:33:20'),(2521,14,41,'2019-01-18 15:33:20'),(2522,22,42,'2019-01-18 15:33:20'),(2523,19,43,'2019-01-18 15:33:20'),(2524,17,44,'2019-01-18 15:33:20'),(2525,31,45,'2019-01-18 15:33:20'),(2526,45,46,'2019-01-18 15:33:20'),(2527,7,47,'2019-01-18 15:33:20'),(2528,6,48,'2019-01-18 15:33:20'),(2529,20,1,'2019-01-18 15:48:15'),(2530,25,2,'2019-01-18 15:48:15'),(2531,59,3,'2019-01-18 15:48:15'),(2532,64,4,'2019-01-18 15:48:15'),(2533,10,5,'2019-01-18 15:48:15'),(2534,17,6,'2019-01-18 15:48:15'),(2535,22,7,'2019-01-18 15:48:16'),(2536,15,8,'2019-01-18 15:48:16'),(2537,45,9,'2019-01-18 15:48:16'),(2538,39,10,'2019-01-18 15:48:16'),(2539,14,11,'2019-01-18 15:48:16'),(2540,28,12,'2019-01-18 15:48:16'),(2541,29,13,'2019-01-18 15:48:16'),(2542,23,14,'2019-01-18 15:48:16'),(2543,67,15,'2019-01-18 15:48:16'),(2544,63,16,'2019-01-18 15:48:16'),(2545,11,17,'2019-01-18 15:48:16'),(2546,30,18,'2019-01-18 15:48:16'),(2547,23,19,'2019-01-18 15:48:16'),(2548,24,20,'2019-01-18 15:48:16'),(2549,46,21,'2019-01-18 15:48:16'),(2550,51,22,'2019-01-18 15:48:16'),(2551,14,23,'2019-01-18 15:48:16'),(2552,29,24,'2019-01-18 15:48:16'),(2553,24,25,'2019-01-18 15:48:16'),(2554,18,26,'2019-01-18 15:48:16'),(2555,51,27,'2019-01-18 15:48:16'),(2556,58,28,'2019-01-18 15:48:16'),(2557,28,29,'2019-01-18 15:48:16'),(2558,27,30,'2019-01-18 15:48:16'),(2559,25,31,'2019-01-18 15:48:16'),(2560,25,32,'2019-01-18 15:48:16'),(2561,60,33,'2019-01-18 15:48:16'),(2562,39,34,'2019-01-18 15:48:17'),(2563,27,35,'2019-01-18 15:48:17'),(2564,14,36,'2019-01-18 15:48:17'),(2565,22,37,'2019-01-18 15:48:17'),(2566,16,38,'2019-01-18 15:48:17'),(2567,59,39,'2019-01-18 15:48:17'),(2568,70,40,'2019-01-18 15:48:17'),(2569,7,41,'2019-01-18 15:48:17'),(2570,21,42,'2019-01-18 15:48:17'),(2571,18,43,'2019-01-18 15:48:17'),(2572,23,44,'2019-01-18 15:48:17'),(2573,66,45,'2019-01-18 15:48:17'),(2574,41,46,'2019-01-18 15:48:17'),(2575,7,47,'2019-01-18 15:48:17'),(2576,11,48,'2019-01-18 15:48:17'),(2577,17,1,'2019-01-18 15:49:52'),(2578,20,2,'2019-01-18 15:49:52'),(2579,57,3,'2019-01-18 15:49:52'),(2580,44,4,'2019-01-18 15:49:52'),(2581,19,5,'2019-01-18 15:49:52'),(2582,21,6,'2019-01-18 15:49:52'),(2583,25,7,'2019-01-18 15:49:53'),(2584,23,8,'2019-01-18 15:49:53'),(2585,45,9,'2019-01-18 15:49:53'),(2586,39,10,'2019-01-18 15:49:53'),(2587,28,11,'2019-01-18 15:49:53'),(2588,19,12,'2019-01-18 15:49:53'),(2589,29,13,'2019-01-18 15:49:53'),(2590,16,14,'2019-01-18 15:49:53'),(2591,35,15,'2019-01-18 15:49:53'),(2592,36,16,'2019-01-18 15:49:53'),(2593,16,17,'2019-01-18 15:49:53'),(2594,24,18,'2019-01-18 15:49:53'),(2595,24,19,'2019-01-18 15:49:53'),(2596,17,20,'2019-01-18 15:49:53'),(2597,66,21,'2019-01-18 15:49:53'),(2598,68,22,'2019-01-18 15:49:53'),(2599,11,23,'2019-01-18 15:49:53'),(2600,10,24,'2019-01-18 15:49:53'),(2601,22,25,'2019-01-18 15:49:53'),(2602,22,26,'2019-01-18 15:49:53'),(2603,32,27,'2019-01-18 15:49:53'),(2604,34,28,'2019-01-18 15:49:53'),(2605,22,29,'2019-01-18 15:49:53'),(2606,25,30,'2019-01-18 15:49:53'),(2607,21,31,'2019-01-18 15:49:53'),(2608,30,32,'2019-01-18 15:49:53'),(2609,30,33,'2019-01-18 15:49:53'),(2610,30,34,'2019-01-18 15:49:54'),(2611,23,35,'2019-01-18 15:49:54'),(2612,14,36,'2019-01-18 15:49:54'),(2613,18,37,'2019-01-18 15:49:54'),(2614,15,38,'2019-01-18 15:49:54'),(2615,38,39,'2019-01-18 15:49:54'),(2616,34,40,'2019-01-18 15:49:54'),(2617,31,41,'2019-01-18 15:49:54'),(2618,9,42,'2019-01-18 15:49:54'),(2619,15,43,'2019-01-18 15:49:54'),(2620,19,44,'2019-01-18 15:49:54'),(2621,65,45,'2019-01-18 15:49:54'),(2622,47,46,'2019-01-18 15:49:54'),(2623,9,47,'2019-01-18 15:49:54'),(2624,24,48,'2019-01-18 15:49:54'),(2625,16,1,'2019-01-18 15:50:54'),(2626,21,2,'2019-01-18 15:50:54'),(2627,39,3,'2019-01-18 15:50:54'),(2628,46,4,'2019-01-18 15:50:54'),(2629,19,5,'2019-01-18 15:50:54'),(2630,31,6,'2019-01-18 15:50:54'),(2631,16,7,'2019-01-18 15:50:54'),(2632,29,8,'2019-01-18 15:50:54'),(2633,41,9,'2019-01-18 15:50:54'),(2634,43,10,'2019-01-18 15:50:54'),(2635,18,11,'2019-01-18 15:50:54'),(2636,5,12,'2019-01-18 15:50:54'),(2637,27,13,'2019-01-18 15:50:55'),(2638,25,14,'2019-01-18 15:50:55'),(2639,56,15,'2019-01-18 15:50:55'),(2640,70,16,'2019-01-18 15:50:55'),(2641,23,17,'2019-01-18 15:50:55'),(2642,23,18,'2019-01-18 15:50:55'),(2643,18,19,'2019-01-18 15:50:55'),(2644,29,20,'2019-01-18 15:50:55'),(2645,61,21,'2019-01-18 15:50:55'),(2646,42,22,'2019-01-18 15:50:55'),(2647,12,23,'2019-01-18 15:50:55'),(2648,15,24,'2019-01-18 15:50:55'),(2649,29,25,'2019-01-18 15:50:55'),(2650,17,26,'2019-01-18 15:50:55'),(2651,61,27,'2019-01-18 15:50:55'),(2652,39,28,'2019-01-18 15:50:55'),(2653,14,29,'2019-01-18 15:50:55'),(2654,7,30,'2019-01-18 15:50:55'),(2655,29,31,'2019-01-18 15:50:55'),(2656,28,32,'2019-01-18 15:50:55'),(2657,51,33,'2019-01-18 15:50:55'),(2658,69,34,'2019-01-18 15:50:55'),(2659,23,35,'2019-01-18 15:50:55'),(2660,10,36,'2019-01-18 15:50:55'),(2661,18,37,'2019-01-18 15:50:55'),(2662,17,38,'2019-01-18 15:50:55'),(2663,31,39,'2019-01-18 15:50:55'),(2664,58,40,'2019-01-18 15:50:55'),(2665,27,41,'2019-01-18 15:50:55'),(2666,19,42,'2019-01-18 15:50:55'),(2667,17,43,'2019-01-18 15:50:55'),(2668,22,44,'2019-01-18 15:50:55'),(2669,40,45,'2019-01-18 15:50:55'),(2670,31,46,'2019-01-18 15:50:56'),(2671,28,47,'2019-01-18 15:50:56'),(2672,31,48,'2019-01-18 15:50:56'),(2673,19,1,'2019-01-18 15:53:56'),(2674,17,2,'2019-01-18 15:53:56'),(2675,45,3,'2019-01-18 15:53:56'),(2676,52,4,'2019-01-18 15:53:56'),(2677,19,5,'2019-01-18 15:53:56'),(2678,13,6,'2019-01-18 15:53:56'),(2679,21,7,'2019-01-18 15:53:56'),(2680,19,8,'2019-01-18 15:53:57'),(2681,48,9,'2019-01-18 15:53:57'),(2682,42,10,'2019-01-18 15:53:57'),(2683,26,11,'2019-01-18 15:53:57'),(2684,23,12,'2019-01-18 15:53:57'),(2685,24,13,'2019-01-18 15:53:57'),(2686,26,14,'2019-01-18 15:53:57'),(2687,53,15,'2019-01-18 15:53:57'),(2688,60,16,'2019-01-18 15:53:57'),(2689,14,17,'2019-01-18 15:53:57'),(2690,21,18,'2019-01-18 15:53:57'),(2691,30,19,'2019-01-18 15:53:57'),(2692,15,20,'2019-01-18 15:53:57'),(2693,44,21,'2019-01-18 15:53:57'),(2694,57,22,'2019-01-18 15:53:57'),(2695,28,23,'2019-01-18 15:53:57'),(2696,23,24,'2019-01-18 15:53:57'),(2697,16,25,'2019-01-18 15:53:57'),(2698,19,26,'2019-01-18 15:53:57'),(2699,66,27,'2019-01-18 15:53:57'),(2700,41,28,'2019-01-18 15:53:57'),(2701,18,29,'2019-01-18 15:53:57'),(2702,8,30,'2019-01-18 15:53:57'),(2703,24,31,'2019-01-18 15:53:57'),(2704,26,32,'2019-01-18 15:53:57'),(2705,69,33,'2019-01-18 15:53:57'),(2706,54,34,'2019-01-18 15:53:58'),(2707,27,35,'2019-01-18 15:53:58'),(2708,27,36,'2019-01-18 15:53:58'),(2709,17,37,'2019-01-18 15:53:58'),(2710,22,38,'2019-01-18 15:53:58'),(2711,44,39,'2019-01-18 15:53:58'),(2712,63,40,'2019-01-18 15:53:58'),(2713,23,41,'2019-01-18 15:53:58'),(2714,21,42,'2019-01-18 15:53:58'),(2715,24,43,'2019-01-18 15:53:58'),(2716,26,44,'2019-01-18 15:53:58'),(2717,54,45,'2019-01-18 15:53:58'),(2718,59,46,'2019-01-18 15:53:58'),(2719,31,47,'2019-01-18 15:53:58'),(2720,5,48,'2019-01-18 15:53:58'),(2721,24,1,'2019-01-18 15:54:58'),(2722,19,2,'2019-01-18 15:54:58'),(2723,56,3,'2019-01-18 15:54:58'),(2724,64,4,'2019-01-18 15:54:58'),(2725,7,5,'2019-01-18 15:54:58'),(2726,20,6,'2019-01-18 15:54:58'),(2727,21,7,'2019-01-18 15:54:58'),(2728,28,8,'2019-01-18 15:54:58'),(2729,63,9,'2019-01-18 15:54:58'),(2730,69,10,'2019-01-18 15:54:58'),(2731,30,11,'2019-01-18 15:54:58'),(2732,26,12,'2019-01-18 15:54:58'),(2733,15,13,'2019-01-18 15:54:59'),(2734,19,14,'2019-01-18 15:54:59'),(2735,67,15,'2019-01-18 15:54:59'),(2736,36,16,'2019-01-18 15:54:59'),(2737,19,17,'2019-01-18 15:54:59'),(2738,18,18,'2019-01-18 15:54:59'),(2739,28,19,'2019-01-18 15:54:59'),(2740,19,20,'2019-01-18 15:54:59'),(2741,38,21,'2019-01-18 15:54:59'),(2742,54,22,'2019-01-18 15:54:59'),(2743,18,23,'2019-01-18 15:54:59'),(2744,9,24,'2019-01-18 15:54:59'),(2745,28,25,'2019-01-18 15:54:59'),(2746,26,26,'2019-01-18 15:54:59'),(2747,60,27,'2019-01-18 15:54:59'),(2748,38,28,'2019-01-18 15:54:59'),(2749,25,29,'2019-01-18 15:54:59'),(2750,20,30,'2019-01-18 15:54:59'),(2751,21,31,'2019-01-18 15:54:59'),(2752,30,32,'2019-01-18 15:54:59'),(2753,59,33,'2019-01-18 15:54:59'),(2754,48,34,'2019-01-18 15:54:59'),(2755,26,35,'2019-01-18 15:54:59'),(2756,29,36,'2019-01-18 15:54:59'),(2757,30,37,'2019-01-18 15:54:59'),(2758,19,38,'2019-01-18 15:54:59'),(2759,69,39,'2019-01-18 15:54:59'),(2760,45,40,'2019-01-18 15:54:59'),(2761,31,41,'2019-01-18 15:54:59'),(2762,21,42,'2019-01-18 15:54:59'),(2763,23,43,'2019-01-18 15:54:59'),(2764,22,44,'2019-01-18 15:54:59'),(2765,68,45,'2019-01-18 15:54:59'),(2766,46,46,'2019-01-18 15:54:59'),(2767,11,47,'2019-01-18 15:54:59'),(2768,17,48,'2019-01-18 15:54:59'),(2769,27,1,'2019-01-18 15:59:04'),(2770,22,2,'2019-01-18 15:59:04'),(2771,37,3,'2019-01-18 15:59:04'),(2772,42,4,'2019-01-18 15:59:04'),(2773,17,5,'2019-01-18 15:59:04'),(2774,22,6,'2019-01-18 15:59:04'),(2775,16,7,'2019-01-18 15:59:05'),(2776,25,8,'2019-01-18 15:59:05'),(2777,53,9,'2019-01-18 15:59:05'),(2778,45,10,'2019-01-18 15:59:05'),(2779,27,11,'2019-01-18 15:59:05'),(2780,9,12,'2019-01-18 15:59:05'),(2781,25,13,'2019-01-18 15:59:05'),(2782,15,14,'2019-01-18 15:59:05'),(2783,47,15,'2019-01-18 15:59:05'),(2784,39,16,'2019-01-18 15:59:05'),(2785,12,17,'2019-01-18 15:59:05'),(2786,30,18,'2019-01-18 15:59:05'),(2787,26,19,'2019-01-18 15:59:05'),(2788,20,20,'2019-01-18 15:59:05'),(2789,34,21,'2019-01-18 15:59:05'),(2790,62,22,'2019-01-18 15:59:05'),(2791,14,23,'2019-01-18 15:59:05'),(2792,6,24,'2019-01-18 15:59:05'),(2793,29,25,'2019-01-18 15:59:05'),(2794,18,26,'2019-01-18 15:59:05'),(2795,32,27,'2019-01-18 15:59:05'),(2796,38,28,'2019-01-18 15:59:05'),(2797,8,29,'2019-01-18 15:59:05'),(2798,25,30,'2019-01-18 15:59:05'),(2799,17,31,'2019-01-18 15:59:05'),(2800,25,32,'2019-01-18 15:59:05'),(2801,63,33,'2019-01-18 15:59:06'),(2802,63,34,'2019-01-18 15:59:06'),(2803,6,35,'2019-01-18 15:59:06'),(2804,14,36,'2019-01-18 15:59:06'),(2805,27,37,'2019-01-18 15:59:06'),(2806,19,38,'2019-01-18 15:59:06'),(2807,59,39,'2019-01-18 15:59:06'),(2808,64,40,'2019-01-18 15:59:06'),(2809,9,41,'2019-01-18 15:59:06'),(2810,25,42,'2019-01-18 15:59:06'),(2811,20,43,'2019-01-18 15:59:06'),(2812,24,44,'2019-01-18 15:59:06'),(2813,55,45,'2019-01-18 15:59:06'),(2814,62,46,'2019-01-18 15:59:06'),(2815,15,47,'2019-01-18 15:59:06'),(2816,15,48,'2019-01-18 15:59:06'),(2817,19,1,'2019-01-18 16:00:06'),(2818,19,2,'2019-01-18 16:00:06'),(2819,51,3,'2019-01-18 16:00:06'),(2820,31,4,'2019-01-18 16:00:06'),(2821,27,5,'2019-01-18 16:00:06'),(2822,25,6,'2019-01-18 16:00:06'),(2823,15,7,'2019-01-18 16:00:06'),(2824,18,8,'2019-01-18 16:00:07'),(2825,37,9,'2019-01-18 16:00:07'),(2826,37,10,'2019-01-18 16:00:07'),(2827,13,11,'2019-01-18 16:00:07'),(2828,23,12,'2019-01-18 16:00:07'),(2829,19,13,'2019-01-18 16:00:07'),(2830,27,14,'2019-01-18 16:00:07'),(2831,61,15,'2019-01-18 16:00:07'),(2832,54,16,'2019-01-18 16:00:07'),(2833,23,17,'2019-01-18 16:00:07'),(2834,14,18,'2019-01-18 16:00:07'),(2835,29,19,'2019-01-18 16:00:07'),(2836,30,20,'2019-01-18 16:00:07'),(2837,42,21,'2019-01-18 16:00:07'),(2838,50,22,'2019-01-18 16:00:07'),(2839,15,23,'2019-01-18 16:00:07'),(2840,14,24,'2019-01-18 16:00:07'),(2841,19,25,'2019-01-18 16:00:07'),(2842,29,26,'2019-01-18 16:00:07'),(2843,44,27,'2019-01-18 16:00:07'),(2844,60,28,'2019-01-18 16:00:07'),(2845,25,29,'2019-01-18 16:00:07'),(2846,27,30,'2019-01-18 16:00:07'),(2847,20,31,'2019-01-18 16:00:07'),(2848,20,32,'2019-01-18 16:00:07'),(2849,47,33,'2019-01-18 16:00:07'),(2850,53,34,'2019-01-18 16:00:07'),(2851,5,35,'2019-01-18 16:00:07'),(2852,16,36,'2019-01-18 16:00:07'),(2853,15,37,'2019-01-18 16:00:07'),(2854,17,38,'2019-01-18 16:00:07'),(2855,44,39,'2019-01-18 16:00:07'),(2856,68,40,'2019-01-18 16:00:07'),(2857,5,41,'2019-01-18 16:00:07'),(2858,28,42,'2019-01-18 16:00:07'),(2859,16,43,'2019-01-18 16:00:07'),(2860,16,44,'2019-01-18 16:00:08'),(2861,37,45,'2019-01-18 16:00:08'),(2862,37,46,'2019-01-18 16:00:08'),(2863,21,47,'2019-01-18 16:00:08'),(2864,20,48,'2019-01-18 16:00:08'),(2865,22,1,'2019-01-18 16:01:26'),(2866,15,2,'2019-01-18 16:01:26'),(2867,64,3,'2019-01-18 16:01:26'),(2868,60,4,'2019-01-18 16:01:26'),(2869,20,5,'2019-01-18 16:01:26'),(2870,31,6,'2019-01-18 16:01:26'),(2871,29,7,'2019-01-18 16:01:27'),(2872,25,8,'2019-01-18 16:01:27'),(2873,47,9,'2019-01-18 16:01:27'),(2874,63,10,'2019-01-18 16:01:27'),(2875,14,11,'2019-01-18 16:01:27'),(2876,20,12,'2019-01-18 16:01:27'),(2877,15,13,'2019-01-18 16:01:27'),(2878,30,14,'2019-01-18 16:01:27'),(2879,61,15,'2019-01-18 16:01:27'),(2880,59,16,'2019-01-18 16:01:27'),(2881,31,17,'2019-01-18 16:01:27'),(2882,16,18,'2019-01-18 16:01:27'),(2883,27,19,'2019-01-18 16:01:27'),(2884,25,20,'2019-01-18 16:01:27'),(2885,53,21,'2019-01-18 16:01:27'),(2886,68,22,'2019-01-18 16:01:27'),(2887,17,23,'2019-01-18 16:01:27'),(2888,11,24,'2019-01-18 16:01:27'),(2889,20,25,'2019-01-18 16:01:27'),(2890,29,26,'2019-01-18 16:01:27'),(2891,41,27,'2019-01-18 16:01:27'),(2892,56,28,'2019-01-18 16:01:27'),(2893,25,29,'2019-01-18 16:01:27'),(2894,21,30,'2019-01-18 16:01:27'),(2895,30,31,'2019-01-18 16:01:27'),(2896,17,32,'2019-01-18 16:01:27'),(2897,36,33,'2019-01-18 16:01:27'),(2898,54,34,'2019-01-18 16:01:28'),(2899,19,35,'2019-01-18 16:01:28'),(2900,28,36,'2019-01-18 16:01:28'),(2901,18,37,'2019-01-18 16:01:28'),(2902,16,38,'2019-01-18 16:01:28'),(2903,69,39,'2019-01-18 16:01:28'),(2904,57,40,'2019-01-18 16:01:28'),(2905,16,41,'2019-01-18 16:01:28'),(2906,31,42,'2019-01-18 16:01:28'),(2907,20,43,'2019-01-18 16:01:28'),(2908,28,44,'2019-01-18 16:01:28'),(2909,39,45,'2019-01-18 16:01:28'),(2910,54,46,'2019-01-18 16:01:28'),(2911,20,47,'2019-01-18 16:01:28'),(2912,7,48,'2019-01-18 16:01:28'),(2913,24,1,'2019-01-18 16:02:23'),(2914,22,2,'2019-01-18 16:02:23'),(2915,51,3,'2019-01-18 16:02:23'),(2916,52,4,'2019-01-18 16:02:23'),(2917,23,5,'2019-01-18 16:02:23'),(2918,10,6,'2019-01-18 16:02:23'),(2919,18,7,'2019-01-18 16:02:23'),(2920,19,8,'2019-01-18 16:02:23'),(2921,70,9,'2019-01-18 16:02:23'),(2922,41,10,'2019-01-18 16:02:23'),(2923,11,11,'2019-01-18 16:02:23'),(2924,30,12,'2019-01-18 16:02:23'),(2925,24,13,'2019-01-18 16:02:23'),(2926,23,14,'2019-01-18 16:02:23'),(2927,68,15,'2019-01-18 16:02:23'),(2928,39,16,'2019-01-18 16:02:23'),(2929,5,17,'2019-01-18 16:02:23'),(2930,23,18,'2019-01-18 16:02:24'),(2931,21,19,'2019-01-18 16:02:24'),(2932,27,20,'2019-01-18 16:02:24'),(2933,38,21,'2019-01-18 16:02:24'),(2934,56,22,'2019-01-18 16:02:24'),(2935,23,23,'2019-01-18 16:02:24'),(2936,12,24,'2019-01-18 16:02:24'),(2937,28,25,'2019-01-18 16:02:24'),(2938,15,26,'2019-01-18 16:02:24'),(2939,60,27,'2019-01-18 16:02:24'),(2940,40,28,'2019-01-18 16:02:24'),(2941,20,29,'2019-01-18 16:02:24'),(2942,30,30,'2019-01-18 16:02:24'),(2943,29,31,'2019-01-18 16:02:24'),(2944,18,32,'2019-01-18 16:02:24'),(2945,51,33,'2019-01-18 16:02:24'),(2946,55,34,'2019-01-18 16:02:24'),(2947,31,35,'2019-01-18 16:02:24'),(2948,10,36,'2019-01-18 16:02:24'),(2949,29,37,'2019-01-18 16:02:24'),(2950,23,38,'2019-01-18 16:02:24'),(2951,47,39,'2019-01-18 16:02:24'),(2952,35,40,'2019-01-18 16:02:24'),(2953,11,41,'2019-01-18 16:02:24'),(2954,31,42,'2019-01-18 16:02:24'),(2955,25,43,'2019-01-18 16:02:24'),(2956,25,44,'2019-01-18 16:02:24'),(2957,55,45,'2019-01-18 16:02:24'),(2958,46,46,'2019-01-18 16:02:24'),(2959,28,47,'2019-01-18 16:02:25'),(2960,5,48,'2019-01-18 16:02:25'),(2961,29,1,'2019-01-18 16:03:20'),(2962,20,2,'2019-01-18 16:03:20'),(2963,49,3,'2019-01-18 16:03:20'),(2964,60,4,'2019-01-18 16:03:20'),(2965,6,5,'2019-01-18 16:03:20'),(2966,6,6,'2019-01-18 16:03:20'),(2967,24,7,'2019-01-18 16:03:20'),(2968,18,8,'2019-01-18 16:03:20'),(2969,40,9,'2019-01-18 16:03:20'),(2970,54,10,'2019-01-18 16:03:20'),(2971,15,11,'2019-01-18 16:03:20'),(2972,12,12,'2019-01-18 16:03:20'),(2973,26,13,'2019-01-18 16:03:20'),(2974,17,14,'2019-01-18 16:03:20'),(2975,55,15,'2019-01-18 16:03:20'),(2976,69,16,'2019-01-18 16:03:20'),(2977,10,17,'2019-01-18 16:03:20'),(2978,13,18,'2019-01-18 16:03:20'),(2979,24,19,'2019-01-18 16:03:20'),(2980,16,20,'2019-01-18 16:03:20'),(2981,69,21,'2019-01-18 16:03:20'),(2982,36,22,'2019-01-18 16:03:20'),(2983,10,23,'2019-01-18 16:03:20'),(2984,14,24,'2019-01-18 16:03:20'),(2985,28,25,'2019-01-18 16:03:20'),(2986,20,26,'2019-01-18 16:03:20'),(2987,66,27,'2019-01-18 16:03:20'),(2988,48,28,'2019-01-18 16:03:20'),(2989,14,29,'2019-01-18 16:03:20'),(2990,9,30,'2019-01-18 16:03:21'),(2991,15,31,'2019-01-18 16:03:21'),(2992,23,32,'2019-01-18 16:03:21'),(2993,62,33,'2019-01-18 16:03:21'),(2994,30,34,'2019-01-18 16:03:21'),(2995,22,35,'2019-01-18 16:03:21'),(2996,17,36,'2019-01-18 16:03:21'),(2997,23,37,'2019-01-18 16:03:21'),(2998,21,38,'2019-01-18 16:03:21'),(2999,60,39,'2019-01-18 16:03:21'),(3000,37,40,'2019-01-18 16:03:21'),(3001,14,41,'2019-01-18 16:03:21'),(3002,13,42,'2019-01-18 16:03:21'),(3003,21,43,'2019-01-18 16:03:21'),(3004,19,44,'2019-01-18 16:03:21'),(3005,49,45,'2019-01-18 16:03:21'),(3006,31,46,'2019-01-18 16:03:21'),(3007,7,47,'2019-01-18 16:03:21'),(3008,24,48,'2019-01-18 16:03:21'),(3009,16,1,'2019-01-18 16:31:05'),(3010,25,2,'2019-01-18 16:31:05'),(3011,54,3,'2019-01-18 16:31:05'),(3012,60,4,'2019-01-18 16:31:05'),(3013,16,5,'2019-01-18 16:31:05'),(3014,18,6,'2019-01-18 16:31:05'),(3015,29,7,'2019-01-18 16:31:05'),(3016,25,8,'2019-01-18 16:31:05'),(3017,32,9,'2019-01-18 16:31:05'),(3018,67,10,'2019-01-18 16:31:05'),(3019,30,11,'2019-01-18 16:31:05'),(3020,31,12,'2019-01-18 16:31:06'),(3021,15,13,'2019-01-18 16:31:06'),(3022,15,14,'2019-01-18 16:31:06'),(3023,51,15,'2019-01-18 16:31:06'),(3024,42,16,'2019-01-18 16:31:06'),(3025,9,17,'2019-01-18 16:31:06'),(3026,6,18,'2019-01-18 16:31:06'),(3027,29,19,'2019-01-18 16:31:06'),(3028,19,20,'2019-01-18 16:31:06'),(3029,50,21,'2019-01-18 16:31:06'),(3030,48,22,'2019-01-18 16:31:06'),(3031,16,23,'2019-01-18 16:31:06'),(3032,16,24,'2019-01-18 16:31:06'),(3033,24,25,'2019-01-18 16:31:06'),(3034,22,26,'2019-01-18 16:31:06'),(3035,30,27,'2019-01-18 16:31:06'),(3036,47,28,'2019-01-18 16:31:06'),(3037,10,29,'2019-01-18 16:31:06'),(3038,20,30,'2019-01-18 16:31:06'),(3039,24,31,'2019-01-18 16:31:06'),(3040,29,32,'2019-01-18 16:31:06'),(3041,65,33,'2019-01-18 16:31:06'),(3042,51,34,'2019-01-18 16:31:06'),(3043,7,35,'2019-01-18 16:31:06'),(3044,7,36,'2019-01-18 16:31:06'),(3045,30,37,'2019-01-18 16:31:07'),(3046,21,38,'2019-01-18 16:31:07'),(3047,64,39,'2019-01-18 16:31:07'),(3048,60,40,'2019-01-18 16:31:07'),(3049,8,41,'2019-01-18 16:31:07'),(3050,18,42,'2019-01-18 16:31:07'),(3051,30,43,'2019-01-18 16:31:07'),(3052,24,44,'2019-01-18 16:31:07'),(3053,48,45,'2019-01-18 16:31:07'),(3054,51,46,'2019-01-18 16:31:07'),(3055,20,47,'2019-01-18 16:31:07'),(3056,19,48,'2019-01-18 16:31:07'),(3057,29,1,'2019-01-18 16:33:58'),(3058,29,2,'2019-01-18 16:33:58'),(3059,54,3,'2019-01-18 16:33:58'),(3060,31,4,'2019-01-18 16:33:58'),(3061,29,5,'2019-01-18 16:33:59'),(3062,30,6,'2019-01-18 16:33:59'),(3063,16,7,'2019-01-18 16:33:59'),(3064,16,8,'2019-01-18 16:33:59'),(3065,58,9,'2019-01-18 16:33:59'),(3066,36,10,'2019-01-18 16:33:59'),(3067,8,11,'2019-01-18 16:33:59'),(3068,5,12,'2019-01-18 16:33:59'),(3069,29,13,'2019-01-18 16:33:59'),(3070,30,14,'2019-01-18 16:33:59'),(3071,51,15,'2019-01-18 16:33:59'),(3072,30,16,'2019-01-18 16:33:59'),(3073,29,17,'2019-01-18 16:33:59'),(3074,15,18,'2019-01-18 16:33:59'),(3075,28,19,'2019-01-18 16:33:59'),(3076,20,20,'2019-01-18 16:33:59'),(3077,57,21,'2019-01-18 16:33:59'),(3078,36,22,'2019-01-18 16:33:59'),(3079,9,23,'2019-01-18 16:33:59'),(3080,30,24,'2019-01-18 16:33:59'),(3081,27,25,'2019-01-18 16:33:59'),(3082,29,26,'2019-01-18 16:33:59'),(3083,47,27,'2019-01-18 16:33:59'),(3084,31,28,'2019-01-18 16:34:00'),(3085,9,29,'2019-01-18 16:34:00'),(3086,18,30,'2019-01-18 16:34:00'),(3087,30,31,'2019-01-18 16:34:00'),(3088,27,32,'2019-01-18 16:34:00'),(3089,36,33,'2019-01-18 16:34:00'),(3090,31,34,'2019-01-18 16:34:00'),(3091,23,35,'2019-01-18 16:34:00'),(3092,24,36,'2019-01-18 16:34:00'),(3093,29,37,'2019-01-18 16:34:00'),(3094,16,38,'2019-01-18 16:34:00'),(3095,54,39,'2019-01-18 16:34:00'),(3096,61,40,'2019-01-18 16:34:00'),(3097,11,41,'2019-01-18 16:34:00'),(3098,21,42,'2019-01-18 16:34:00'),(3099,20,43,'2019-01-18 16:34:00'),(3100,25,44,'2019-01-18 16:34:00'),(3101,38,45,'2019-01-18 16:34:00'),(3102,60,46,'2019-01-18 16:34:00'),(3103,31,47,'2019-01-18 16:34:00'),(3104,14,48,'2019-01-18 16:34:00'),(3105,22,1,'2019-01-18 16:34:55'),(3106,16,2,'2019-01-18 16:34:55'),(3107,49,3,'2019-01-18 16:34:55'),(3108,52,4,'2019-01-18 16:34:55'),(3109,29,5,'2019-01-18 16:34:55'),(3110,13,6,'2019-01-18 16:34:55'),(3111,21,7,'2019-01-18 16:34:55'),(3112,16,8,'2019-01-18 16:34:55'),(3113,56,9,'2019-01-18 16:34:56'),(3114,63,10,'2019-01-18 16:34:56'),(3115,23,11,'2019-01-18 16:34:56'),(3116,26,12,'2019-01-18 16:34:56'),(3117,22,13,'2019-01-18 16:34:56'),(3118,18,14,'2019-01-18 16:34:56'),(3119,69,15,'2019-01-18 16:34:56'),(3120,48,16,'2019-01-18 16:34:56'),(3121,21,17,'2019-01-18 16:34:56'),(3122,21,18,'2019-01-18 16:34:56'),(3123,30,19,'2019-01-18 16:34:56'),(3124,16,20,'2019-01-18 16:34:56'),(3125,36,21,'2019-01-18 16:34:56'),(3126,69,22,'2019-01-18 16:34:56'),(3127,12,23,'2019-01-18 16:34:56'),(3128,8,24,'2019-01-18 16:34:56'),(3129,18,25,'2019-01-18 16:34:56'),(3130,28,26,'2019-01-18 16:34:56'),(3131,68,27,'2019-01-18 16:34:56'),(3132,47,28,'2019-01-18 16:34:56'),(3133,19,29,'2019-01-18 16:34:56'),(3134,17,30,'2019-01-18 16:34:56'),(3135,27,31,'2019-01-18 16:34:56'),(3136,29,32,'2019-01-18 16:34:56'),(3137,68,33,'2019-01-18 16:34:56'),(3138,32,34,'2019-01-18 16:34:56'),(3139,6,35,'2019-01-18 16:34:56'),(3140,31,36,'2019-01-18 16:34:56'),(3141,19,37,'2019-01-18 16:34:56'),(3142,26,38,'2019-01-18 16:34:56'),(3143,48,39,'2019-01-18 16:34:56'),(3144,51,40,'2019-01-18 16:34:56'),(3145,23,41,'2019-01-18 16:34:56'),(3146,21,42,'2019-01-18 16:34:56'),(3147,22,43,'2019-01-18 16:34:56'),(3148,15,44,'2019-01-18 16:34:56'),(3149,43,45,'2019-01-18 16:34:57'),(3150,55,46,'2019-01-18 16:34:57'),(3151,23,47,'2019-01-18 16:34:57'),(3152,31,48,'2019-01-18 16:34:57'),(3153,20,1,'2019-01-18 16:41:46'),(3154,29,2,'2019-01-18 16:41:46'),(3155,65,3,'2019-01-18 16:41:47'),(3156,57,4,'2019-01-18 16:41:47'),(3157,5,5,'2019-01-18 16:41:47'),(3158,5,6,'2019-01-18 16:41:47'),(3159,26,7,'2019-01-18 16:41:47'),(3160,18,8,'2019-01-18 16:41:47'),(3161,34,9,'2019-01-18 16:41:47'),(3162,50,10,'2019-01-18 16:41:47'),(3163,16,11,'2019-01-18 16:41:47'),(3164,14,12,'2019-01-18 16:41:47'),(3165,15,13,'2019-01-18 16:41:47'),(3166,26,14,'2019-01-18 16:41:47'),(3167,30,15,'2019-01-18 16:41:47'),(3168,62,16,'2019-01-18 16:41:47'),(3169,23,17,'2019-01-18 16:41:47'),(3170,7,18,'2019-01-18 16:41:47'),(3171,26,19,'2019-01-18 16:41:47'),(3172,15,20,'2019-01-18 16:41:47'),(3173,48,21,'2019-01-18 16:41:47'),(3174,30,22,'2019-01-18 16:41:47'),(3175,24,23,'2019-01-18 16:41:47'),(3176,15,24,'2019-01-18 16:41:47'),(3177,21,25,'2019-01-18 16:41:47'),(3178,16,26,'2019-01-18 16:41:47'),(3179,51,27,'2019-01-18 16:41:47'),(3180,38,28,'2019-01-18 16:41:47'),(3181,13,29,'2019-01-18 16:41:48'),(3182,25,30,'2019-01-18 16:41:48'),(3183,28,31,'2019-01-18 16:41:48'),(3184,22,32,'2019-01-18 16:41:48'),(3185,67,33,'2019-01-18 16:41:48'),(3186,58,34,'2019-01-18 16:41:48'),(3187,20,35,'2019-01-18 16:41:48'),(3188,11,36,'2019-01-18 16:41:48'),(3189,18,37,'2019-01-18 16:41:48'),(3190,25,38,'2019-01-18 16:41:48'),(3191,69,39,'2019-01-18 16:41:48'),(3192,64,40,'2019-01-18 16:41:48'),(3193,31,41,'2019-01-18 16:41:48'),(3194,30,42,'2019-01-18 16:41:48'),(3195,20,43,'2019-01-18 16:41:48'),(3196,18,44,'2019-01-18 16:41:48'),(3197,51,45,'2019-01-18 16:41:48'),(3198,42,46,'2019-01-18 16:41:48'),(3199,27,47,'2019-01-18 16:41:48'),(3200,22,48,'2019-01-18 16:41:48'),(3201,19,1,'2019-01-18 16:42:43'),(3202,30,2,'2019-01-18 16:42:43'),(3203,35,3,'2019-01-18 16:42:43'),(3204,33,4,'2019-01-18 16:42:43'),(3205,31,5,'2019-01-18 16:42:44'),(3206,8,6,'2019-01-18 16:42:44'),(3207,18,7,'2019-01-18 16:42:44'),(3208,15,8,'2019-01-18 16:42:44'),(3209,31,9,'2019-01-18 16:42:44'),(3210,39,10,'2019-01-18 16:42:44'),(3211,5,11,'2019-01-18 16:42:44'),(3212,12,12,'2019-01-18 16:42:44'),(3213,24,13,'2019-01-18 16:42:44'),(3214,21,14,'2019-01-18 16:42:44'),(3215,56,15,'2019-01-18 16:42:44'),(3216,35,16,'2019-01-18 16:42:44'),(3217,18,17,'2019-01-18 16:42:44'),(3218,7,18,'2019-01-18 16:42:44'),(3219,29,19,'2019-01-18 16:42:44'),(3220,19,20,'2019-01-18 16:42:44'),(3221,69,21,'2019-01-18 16:42:44'),(3222,30,22,'2019-01-18 16:42:44'),(3223,26,23,'2019-01-18 16:42:44'),(3224,15,24,'2019-01-18 16:42:44'),(3225,26,25,'2019-01-18 16:42:44'),(3226,16,26,'2019-01-18 16:42:44'),(3227,43,27,'2019-01-18 16:42:44'),(3228,56,28,'2019-01-18 16:42:44'),(3229,5,29,'2019-01-18 16:42:44'),(3230,28,30,'2019-01-18 16:42:44'),(3231,18,31,'2019-01-18 16:42:44'),(3232,19,32,'2019-01-18 16:42:44'),(3233,36,33,'2019-01-18 16:42:44'),(3234,50,34,'2019-01-18 16:42:44'),(3235,12,35,'2019-01-18 16:42:44'),(3236,31,36,'2019-01-18 16:42:44'),(3237,24,37,'2019-01-18 16:42:44'),(3238,23,38,'2019-01-18 16:42:44'),(3239,50,39,'2019-01-18 16:42:44'),(3240,35,40,'2019-01-18 16:42:44'),(3241,30,41,'2019-01-18 16:42:44'),(3242,11,42,'2019-01-18 16:42:45'),(3243,28,43,'2019-01-18 16:42:45'),(3244,21,44,'2019-01-18 16:42:45'),(3245,38,45,'2019-01-18 16:42:45'),(3246,63,46,'2019-01-18 16:42:45'),(3247,5,47,'2019-01-18 16:42:45'),(3248,26,48,'2019-01-18 16:42:45'),(3249,24,1,'2019-01-18 16:43:40'),(3250,19,2,'2019-01-18 16:43:40'),(3251,43,3,'2019-01-18 16:43:40'),(3252,44,4,'2019-01-18 16:43:40'),(3253,29,5,'2019-01-18 16:43:40'),(3254,9,6,'2019-01-18 16:43:40'),(3255,25,7,'2019-01-18 16:43:40'),(3256,20,8,'2019-01-18 16:43:40'),(3257,63,9,'2019-01-18 16:43:40'),(3258,51,10,'2019-01-18 16:43:40'),(3259,25,11,'2019-01-18 16:43:40'),(3260,10,12,'2019-01-18 16:43:40'),(3261,25,13,'2019-01-18 16:43:40'),(3262,30,14,'2019-01-18 16:43:40'),(3263,46,15,'2019-01-18 16:43:40'),(3264,70,16,'2019-01-18 16:43:40'),(3265,13,17,'2019-01-18 16:43:40'),(3266,24,18,'2019-01-18 16:43:41'),(3267,24,19,'2019-01-18 16:43:41'),(3268,28,20,'2019-01-18 16:43:41'),(3269,66,21,'2019-01-18 16:43:41'),(3270,30,22,'2019-01-18 16:43:41'),(3271,15,23,'2019-01-18 16:43:41'),(3272,21,24,'2019-01-18 16:43:41'),(3273,21,25,'2019-01-18 16:43:41'),(3274,28,26,'2019-01-18 16:43:41'),(3275,63,27,'2019-01-18 16:43:41'),(3276,55,28,'2019-01-18 16:43:41'),(3277,15,29,'2019-01-18 16:43:41'),(3278,19,30,'2019-01-18 16:43:41'),(3279,16,31,'2019-01-18 16:43:41'),(3280,22,32,'2019-01-18 16:43:41'),(3281,47,33,'2019-01-18 16:43:41'),(3282,42,34,'2019-01-18 16:43:41'),(3283,12,35,'2019-01-18 16:43:41'),(3284,16,36,'2019-01-18 16:43:41'),(3285,24,37,'2019-01-18 16:43:41'),(3286,27,38,'2019-01-18 16:43:41'),(3287,64,39,'2019-01-18 16:43:41'),(3288,37,40,'2019-01-18 16:43:41'),(3289,23,41,'2019-01-18 16:43:41'),(3290,18,42,'2019-01-18 16:43:41'),(3291,26,43,'2019-01-18 16:43:41'),(3292,15,44,'2019-01-18 16:43:41'),(3293,47,45,'2019-01-18 16:43:41'),(3294,43,46,'2019-01-18 16:43:41'),(3295,25,47,'2019-01-18 16:43:41'),(3296,31,48,'2019-01-18 16:43:41'),(3297,16,1,'2019-01-18 16:52:21'),(3298,26,2,'2019-01-18 16:52:21'),(3299,52,3,'2019-01-18 16:52:21'),(3300,38,4,'2019-01-18 16:52:21'),(3301,25,5,'2019-01-18 16:52:21'),(3302,17,6,'2019-01-18 16:52:21'),(3303,20,7,'2019-01-18 16:52:21'),(3304,30,8,'2019-01-18 16:52:21'),(3305,59,9,'2019-01-18 16:52:21'),(3306,32,10,'2019-01-18 16:52:21'),(3307,20,11,'2019-01-18 16:52:21'),(3308,20,12,'2019-01-18 16:52:22'),(3309,27,13,'2019-01-18 16:52:22'),(3310,23,14,'2019-01-18 16:52:22'),(3311,44,15,'2019-01-18 16:52:22'),(3312,44,16,'2019-01-18 16:52:22'),(3313,28,17,'2019-01-18 16:52:22'),(3314,24,18,'2019-01-18 16:52:22'),(3315,22,19,'2019-01-18 16:52:22'),(3316,21,20,'2019-01-18 16:52:22'),(3317,68,21,'2019-01-18 16:52:22'),(3318,35,22,'2019-01-18 16:52:22'),(3319,6,23,'2019-01-18 16:52:22'),(3320,29,24,'2019-01-18 16:52:22'),(3321,28,25,'2019-01-18 16:52:22'),(3322,25,26,'2019-01-18 16:52:22'),(3323,45,27,'2019-01-18 16:52:22'),(3324,41,28,'2019-01-18 16:52:22'),(3325,8,29,'2019-01-18 16:52:22'),(3326,25,30,'2019-01-18 16:52:22'),(3327,18,31,'2019-01-18 16:52:22'),(3328,20,32,'2019-01-18 16:52:22'),(3329,64,33,'2019-01-18 16:52:22'),(3330,61,34,'2019-01-18 16:52:22'),(3331,14,35,'2019-01-18 16:52:22'),(3332,12,36,'2019-01-18 16:52:22'),(3333,19,37,'2019-01-18 16:52:22'),(3334,24,38,'2019-01-18 16:52:22'),(3335,42,39,'2019-01-18 16:52:22'),(3336,37,40,'2019-01-18 16:52:23'),(3337,7,41,'2019-01-18 16:52:23'),(3338,6,42,'2019-01-18 16:52:23'),(3339,15,43,'2019-01-18 16:52:23'),(3340,29,44,'2019-01-18 16:52:23'),(3341,63,45,'2019-01-18 16:52:23'),(3342,47,46,'2019-01-18 16:52:23'),(3343,18,47,'2019-01-18 16:52:23'),(3344,9,48,'2019-01-18 16:52:23'),(3345,20,1,'2019-01-18 16:57:40'),(3346,29,2,'2019-01-18 16:57:40'),(3347,39,3,'2019-01-18 16:57:40'),(3348,40,4,'2019-01-18 16:57:40'),(3349,23,5,'2019-01-18 16:57:40'),(3350,19,6,'2019-01-18 16:57:40'),(3351,29,7,'2019-01-18 16:57:40'),(3352,30,8,'2019-01-18 16:57:40'),(3353,57,9,'2019-01-18 16:57:40'),(3354,62,10,'2019-01-18 16:57:40'),(3355,18,11,'2019-01-18 16:57:40'),(3356,8,12,'2019-01-18 16:57:40'),(3357,24,13,'2019-01-18 16:57:40'),(3358,20,14,'2019-01-18 16:57:41'),(3359,48,15,'2019-01-18 16:57:41'),(3360,65,16,'2019-01-18 16:57:41'),(3361,28,17,'2019-01-18 16:57:41'),(3362,16,18,'2019-01-18 16:57:41'),(3363,25,19,'2019-01-18 16:57:41'),(3364,17,20,'2019-01-18 16:57:41'),(3365,50,21,'2019-01-18 16:57:41'),(3366,45,22,'2019-01-18 16:57:41'),(3367,25,23,'2019-01-18 16:57:41'),(3368,20,24,'2019-01-18 16:57:41'),(3369,19,25,'2019-01-18 16:57:41'),(3370,27,26,'2019-01-18 16:57:41'),(3371,52,27,'2019-01-18 16:57:41'),(3372,64,28,'2019-01-18 16:57:41'),(3373,13,29,'2019-01-18 16:57:41'),(3374,30,30,'2019-01-18 16:57:41'),(3375,28,31,'2019-01-18 16:57:41'),(3376,23,32,'2019-01-18 16:57:41'),(3377,67,33,'2019-01-18 16:57:41'),(3378,39,34,'2019-01-18 16:57:41'),(3379,27,35,'2019-01-18 16:57:41'),(3380,15,36,'2019-01-18 16:57:41'),(3381,27,37,'2019-01-18 16:57:41'),(3382,16,38,'2019-01-18 16:57:41'),(3383,32,39,'2019-01-18 16:57:41'),(3384,57,40,'2019-01-18 16:57:41'),(3385,22,41,'2019-01-18 16:57:41'),(3386,31,42,'2019-01-18 16:57:41'),(3387,15,43,'2019-01-18 16:57:41'),(3388,17,44,'2019-01-18 16:57:42'),(3389,50,45,'2019-01-18 16:57:42'),(3390,59,46,'2019-01-18 16:57:42'),(3391,20,47,'2019-01-18 16:57:42'),(3392,22,48,'2019-01-18 16:57:42'),(3393,19,1,'2019-01-18 16:58:37'),(3394,26,2,'2019-01-18 16:58:37'),(3395,43,3,'2019-01-18 16:58:37'),(3396,35,4,'2019-01-18 16:58:37'),(3397,22,5,'2019-01-18 16:58:37'),(3398,14,6,'2019-01-18 16:58:37'),(3399,23,7,'2019-01-18 16:58:37'),(3400,24,8,'2019-01-18 16:58:37'),(3401,42,9,'2019-01-18 16:58:37'),(3402,68,10,'2019-01-18 16:58:37'),(3403,14,11,'2019-01-18 16:58:37'),(3404,18,12,'2019-01-18 16:58:37'),(3405,28,13,'2019-01-18 16:58:37'),(3406,26,14,'2019-01-18 16:58:37'),(3407,64,15,'2019-01-18 16:58:37'),(3408,30,16,'2019-01-18 16:58:37'),(3409,11,17,'2019-01-18 16:58:37'),(3410,12,18,'2019-01-18 16:58:37'),(3411,28,19,'2019-01-18 16:58:37'),(3412,17,20,'2019-01-18 16:58:37'),(3413,39,21,'2019-01-18 16:58:37'),(3414,35,22,'2019-01-18 16:58:37'),(3415,16,23,'2019-01-18 16:58:37'),(3416,28,24,'2019-01-18 16:58:37'),(3417,22,25,'2019-01-18 16:58:38'),(3418,17,26,'2019-01-18 16:58:38'),(3419,43,27,'2019-01-18 16:58:38'),(3420,70,28,'2019-01-18 16:58:38'),(3421,5,29,'2019-01-18 16:58:38'),(3422,31,30,'2019-01-18 16:58:38'),(3423,20,31,'2019-01-18 16:58:38'),(3424,30,32,'2019-01-18 16:58:38'),(3425,67,33,'2019-01-18 16:58:38'),(3426,55,34,'2019-01-18 16:58:38'),(3427,20,35,'2019-01-18 16:58:38'),(3428,22,36,'2019-01-18 16:58:38'),(3429,15,37,'2019-01-18 16:58:38'),(3430,28,38,'2019-01-18 16:58:38'),(3431,54,39,'2019-01-18 16:58:38'),(3432,50,40,'2019-01-18 16:58:38'),(3433,5,41,'2019-01-18 16:58:38'),(3434,30,42,'2019-01-18 16:58:38'),(3435,15,43,'2019-01-18 16:58:38'),(3436,23,44,'2019-01-18 16:58:38'),(3437,50,45,'2019-01-18 16:58:38'),(3438,57,46,'2019-01-18 16:58:38'),(3439,28,47,'2019-01-18 16:58:38'),(3440,22,48,'2019-01-18 16:58:38'),(3441,24,1,'2019-01-18 18:35:20'),(3442,27,2,'2019-01-18 18:35:20'),(3443,58,3,'2019-01-18 18:35:20'),(3444,59,4,'2019-01-18 18:35:20'),(3445,17,5,'2019-01-18 18:35:20'),(3446,8,6,'2019-01-18 18:35:20'),(3447,24,7,'2019-01-18 18:35:21'),(3448,19,8,'2019-01-18 18:35:21'),(3449,69,9,'2019-01-18 18:35:21'),(3450,65,10,'2019-01-18 18:35:21'),(3451,20,11,'2019-01-18 18:35:21'),(3452,13,12,'2019-01-18 18:35:21'),(3453,21,13,'2019-01-18 18:35:21'),(3454,21,14,'2019-01-18 18:35:21'),(3455,70,15,'2019-01-18 18:35:21'),(3456,56,16,'2019-01-18 18:35:21'),(3457,6,17,'2019-01-18 18:35:21'),(3458,6,18,'2019-01-18 18:35:21'),(3459,20,19,'2019-01-18 18:35:21'),(3460,29,20,'2019-01-18 18:35:21'),(3461,49,21,'2019-01-18 18:35:21'),(3462,49,22,'2019-01-18 18:35:21'),(3463,30,23,'2019-01-18 18:35:21'),(3464,11,24,'2019-01-18 18:35:21'),(3465,29,25,'2019-01-18 18:35:21'),(3466,21,26,'2019-01-18 18:35:21'),(3467,53,27,'2019-01-18 18:35:21'),(3468,50,28,'2019-01-18 18:35:21'),(3469,12,29,'2019-01-18 18:35:21'),(3470,21,30,'2019-01-18 18:35:21'),(3471,27,31,'2019-01-18 18:35:21'),(3472,15,32,'2019-01-18 18:35:21'),(3473,55,33,'2019-01-18 18:35:21'),(3474,52,34,'2019-01-18 18:35:22'),(3475,12,35,'2019-01-18 18:35:22'),(3476,26,36,'2019-01-18 18:35:22'),(3477,24,37,'2019-01-18 18:35:22'),(3478,16,38,'2019-01-18 18:35:22'),(3479,49,39,'2019-01-18 18:35:22'),(3480,49,40,'2019-01-18 18:35:22'),(3481,11,41,'2019-01-18 18:35:22'),(3482,7,42,'2019-01-18 18:35:22'),(3483,27,43,'2019-01-18 18:35:22'),(3484,17,44,'2019-01-18 18:35:22'),(3485,68,45,'2019-01-18 18:35:22'),(3486,55,46,'2019-01-18 18:35:22'),(3487,21,47,'2019-01-18 18:35:22'),(3488,11,48,'2019-01-18 18:35:22'),(3489,15,1,'2019-01-18 18:49:06'),(3490,28,2,'2019-01-18 18:49:07'),(3491,32,3,'2019-01-18 18:49:07'),(3492,70,4,'2019-01-18 18:49:07'),(3493,25,5,'2019-01-18 18:49:07'),(3494,23,6,'2019-01-18 18:49:07'),(3495,24,7,'2019-01-18 18:49:07'),(3496,19,8,'2019-01-18 18:49:07'),(3497,69,9,'2019-01-18 18:49:07'),(3498,70,10,'2019-01-18 18:49:07'),(3499,20,11,'2019-01-18 18:49:07'),(3500,16,12,'2019-01-18 18:49:07'),(3501,17,13,'2019-01-18 18:49:07'),(3502,18,14,'2019-01-18 18:49:07'),(3503,63,15,'2019-01-18 18:49:07'),(3504,44,16,'2019-01-18 18:49:07'),(3505,28,17,'2019-01-18 18:49:07'),(3506,17,18,'2019-01-18 18:49:07'),(3507,16,19,'2019-01-18 18:49:07'),(3508,28,20,'2019-01-18 18:49:08'),(3509,51,21,'2019-01-18 18:49:08'),(3510,50,22,'2019-01-18 18:49:08'),(3511,30,23,'2019-01-18 18:49:08'),(3512,12,24,'2019-01-18 18:49:08'),(3513,19,25,'2019-01-18 18:49:08'),(3514,22,26,'2019-01-18 18:49:08'),(3515,67,27,'2019-01-18 18:49:08'),(3516,50,28,'2019-01-18 18:49:08'),(3517,24,29,'2019-01-18 18:49:08'),(3518,14,30,'2019-01-18 18:49:08'),(3519,28,31,'2019-01-18 18:49:08'),(3520,19,32,'2019-01-18 18:49:08'),(3521,66,33,'2019-01-18 18:49:08'),(3522,59,34,'2019-01-18 18:49:08'),(3523,11,35,'2019-01-18 18:49:08'),(3524,19,36,'2019-01-18 18:49:08'),(3525,21,37,'2019-01-18 18:49:08'),(3526,17,38,'2019-01-18 18:49:08'),(3527,41,39,'2019-01-18 18:49:08'),(3528,50,40,'2019-01-18 18:49:08'),(3529,8,41,'2019-01-18 18:49:08'),(3530,19,42,'2019-01-18 18:49:08'),(3531,28,43,'2019-01-18 18:49:08'),(3532,21,44,'2019-01-18 18:49:08'),(3533,56,45,'2019-01-18 18:49:08'),(3534,60,46,'2019-01-18 18:49:08'),(3535,6,47,'2019-01-18 18:49:08'),(3536,18,48,'2019-01-18 18:49:08'),(3537,21,1,'2019-01-18 18:50:03'),(3538,17,2,'2019-01-18 18:50:04'),(3539,33,3,'2019-01-18 18:50:04'),(3540,52,4,'2019-01-18 18:50:04'),(3541,22,5,'2019-01-18 18:50:04'),(3542,25,6,'2019-01-18 18:50:04'),(3543,30,7,'2019-01-18 18:50:04'),(3544,22,8,'2019-01-18 18:50:04'),(3545,39,9,'2019-01-18 18:50:04'),(3546,55,10,'2019-01-18 18:50:04'),(3547,28,11,'2019-01-18 18:50:04'),(3548,23,12,'2019-01-18 18:50:04'),(3549,27,13,'2019-01-18 18:50:04'),(3550,18,14,'2019-01-18 18:50:04'),(3551,60,15,'2019-01-18 18:50:04'),(3552,41,16,'2019-01-18 18:50:04'),(3553,25,17,'2019-01-18 18:50:04'),(3554,24,18,'2019-01-18 18:50:04'),(3555,30,19,'2019-01-18 18:50:04'),(3556,26,20,'2019-01-18 18:50:04'),(3557,53,21,'2019-01-18 18:50:04'),(3558,40,22,'2019-01-18 18:50:04'),(3559,20,23,'2019-01-18 18:50:04'),(3560,20,24,'2019-01-18 18:50:04'),(3561,19,25,'2019-01-18 18:50:04'),(3562,27,26,'2019-01-18 18:50:04'),(3563,37,27,'2019-01-18 18:50:04'),(3564,65,28,'2019-01-18 18:50:04'),(3565,6,29,'2019-01-18 18:50:04'),(3566,6,30,'2019-01-18 18:50:04'),(3567,20,31,'2019-01-18 18:50:04'),(3568,20,32,'2019-01-18 18:50:04'),(3569,65,33,'2019-01-18 18:50:05'),(3570,54,34,'2019-01-18 18:50:05'),(3571,31,35,'2019-01-18 18:50:05'),(3572,6,36,'2019-01-18 18:50:05'),(3573,25,37,'2019-01-18 18:50:05'),(3574,26,38,'2019-01-18 18:50:05'),(3575,32,39,'2019-01-18 18:50:05'),(3576,61,40,'2019-01-18 18:50:05'),(3577,31,41,'2019-01-18 18:50:05'),(3578,18,42,'2019-01-18 18:50:05'),(3579,29,43,'2019-01-18 18:50:05'),(3580,27,44,'2019-01-18 18:50:05'),(3581,41,45,'2019-01-18 18:50:05'),(3582,36,46,'2019-01-18 18:50:05'),(3583,31,47,'2019-01-18 18:50:05'),(3584,20,48,'2019-01-18 18:50:05'),(3585,18,1,'2019-01-18 18:51:00'),(3586,30,2,'2019-01-18 18:51:00'),(3587,66,3,'2019-01-18 18:51:00'),(3588,33,4,'2019-01-18 18:51:00'),(3589,15,5,'2019-01-18 18:51:00'),(3590,7,6,'2019-01-18 18:51:00'),(3591,29,7,'2019-01-18 18:51:00'),(3592,28,8,'2019-01-18 18:51:00'),(3593,48,9,'2019-01-18 18:51:00'),(3594,61,10,'2019-01-18 18:51:00'),(3595,18,11,'2019-01-18 18:51:00'),(3596,31,12,'2019-01-18 18:51:00'),(3597,22,13,'2019-01-18 18:51:01'),(3598,19,14,'2019-01-18 18:51:01'),(3599,44,15,'2019-01-18 18:51:01'),(3600,60,16,'2019-01-18 18:51:01'),(3601,26,17,'2019-01-18 18:51:01'),(3602,18,18,'2019-01-18 18:51:01'),(3603,17,19,'2019-01-18 18:51:01'),(3604,30,20,'2019-01-18 18:51:01'),(3605,48,21,'2019-01-18 18:51:01'),(3606,41,22,'2019-01-18 18:51:01'),(3607,11,23,'2019-01-18 18:51:01'),(3608,30,24,'2019-01-18 18:51:01'),(3609,16,25,'2019-01-18 18:51:01'),(3610,30,26,'2019-01-18 18:51:01'),(3611,64,27,'2019-01-18 18:51:01'),(3612,57,28,'2019-01-18 18:51:01'),(3613,21,29,'2019-01-18 18:51:01'),(3614,24,30,'2019-01-18 18:51:01'),(3615,20,31,'2019-01-18 18:51:01'),(3616,16,32,'2019-01-18 18:51:01'),(3617,43,33,'2019-01-18 18:51:01'),(3618,33,34,'2019-01-18 18:51:01'),(3619,18,35,'2019-01-18 18:51:01'),(3620,23,36,'2019-01-18 18:51:01'),(3621,30,37,'2019-01-18 18:51:01'),(3622,19,38,'2019-01-18 18:51:01'),(3623,53,39,'2019-01-18 18:51:01'),(3624,39,40,'2019-01-18 18:51:01'),(3625,23,41,'2019-01-18 18:51:01'),(3626,24,42,'2019-01-18 18:51:01'),(3627,29,43,'2019-01-18 18:51:01'),(3628,26,44,'2019-01-18 18:51:01'),(3629,48,45,'2019-01-18 18:51:01'),(3630,59,46,'2019-01-18 18:51:01'),(3631,21,47,'2019-01-18 18:51:02'),(3632,5,48,'2019-01-18 18:51:02'),(3633,23,1,'2019-01-19 18:05:10'),(3634,20,2,'2019-01-19 18:05:11'),(3635,56,3,'2019-01-19 18:05:11'),(3636,59,4,'2019-01-19 18:05:11'),(3637,24,5,'2019-01-19 18:05:11'),(3638,17,6,'2019-01-19 18:05:11'),(3639,23,7,'2019-01-19 18:05:11'),(3640,30,8,'2019-01-19 18:05:11'),(3641,37,9,'2019-01-19 18:05:11'),(3642,44,10,'2019-01-19 18:05:11'),(3643,15,11,'2019-01-19 18:05:11'),(3644,16,12,'2019-01-19 18:05:11'),(3645,19,13,'2019-01-19 18:05:11'),(3646,23,14,'2019-01-19 18:05:11'),(3647,41,15,'2019-01-19 18:05:11'),(3648,66,16,'2019-01-19 18:05:11'),(3649,19,17,'2019-01-19 18:05:11'),(3650,20,18,'2019-01-19 18:05:11'),(3651,17,19,'2019-01-19 18:05:11'),(3652,19,20,'2019-01-19 18:05:11'),(3653,50,21,'2019-01-19 18:05:12'),(3654,31,22,'2019-01-19 18:05:12'),(3655,6,23,'2019-01-19 18:05:12'),(3656,22,24,'2019-01-19 18:05:12'),(3657,18,25,'2019-01-19 18:05:12'),(3658,17,26,'2019-01-19 18:05:12'),(3659,43,27,'2019-01-19 18:05:12'),(3660,33,28,'2019-01-19 18:05:12'),(3661,21,29,'2019-01-19 18:05:12'),(3662,24,30,'2019-01-19 18:05:12'),(3663,23,31,'2019-01-19 18:05:12'),(3664,18,32,'2019-01-19 18:05:12'),(3665,62,33,'2019-01-19 18:05:12'),(3666,37,34,'2019-01-19 18:05:12'),(3667,25,35,'2019-01-19 18:05:12'),(3668,9,36,'2019-01-19 18:05:12'),(3669,16,37,'2019-01-19 18:05:12'),(3670,28,38,'2019-01-19 18:05:12'),(3671,31,39,'2019-01-19 18:05:12'),(3672,55,40,'2019-01-19 18:05:12'),(3673,6,41,'2019-01-19 18:05:12'),(3674,8,42,'2019-01-19 18:05:12'),(3675,29,43,'2019-01-19 18:05:12'),(3676,19,44,'2019-01-19 18:05:12'),(3677,49,45,'2019-01-19 18:05:12'),(3678,61,46,'2019-01-19 18:05:12'),(3679,11,47,'2019-01-19 18:05:12'),(3680,12,48,'2019-01-19 18:05:13'),(3681,24,1,'2019-01-19 18:06:08'),(3682,22,2,'2019-01-19 18:06:08'),(3683,32,3,'2019-01-19 18:06:08'),(3684,32,4,'2019-01-19 18:06:08'),(3685,22,5,'2019-01-19 18:06:08'),(3686,16,6,'2019-01-19 18:06:08'),(3687,19,7,'2019-01-19 18:06:08'),(3688,23,8,'2019-01-19 18:06:08'),(3689,37,9,'2019-01-19 18:06:08'),(3690,59,10,'2019-01-19 18:06:08'),(3691,30,11,'2019-01-19 18:06:08'),(3692,27,12,'2019-01-19 18:06:08'),(3693,17,13,'2019-01-19 18:06:08'),(3694,24,14,'2019-01-19 18:06:08'),(3695,54,15,'2019-01-19 18:06:08'),(3696,57,16,'2019-01-19 18:06:08'),(3697,19,17,'2019-01-19 18:06:08'),(3698,26,18,'2019-01-19 18:06:08'),(3699,15,19,'2019-01-19 18:06:08'),(3700,24,20,'2019-01-19 18:06:08'),(3701,65,21,'2019-01-19 18:06:08'),(3702,69,22,'2019-01-19 18:06:08'),(3703,26,23,'2019-01-19 18:06:08'),(3704,31,24,'2019-01-19 18:06:08'),(3705,24,25,'2019-01-19 18:06:08'),(3706,29,26,'2019-01-19 18:06:08'),(3707,65,27,'2019-01-19 18:06:08'),(3708,56,28,'2019-01-19 18:06:08'),(3709,28,29,'2019-01-19 18:06:09'),(3710,22,30,'2019-01-19 18:06:09'),(3711,29,31,'2019-01-19 18:06:09'),(3712,15,32,'2019-01-19 18:06:09'),(3713,38,33,'2019-01-19 18:06:09'),(3714,70,34,'2019-01-19 18:06:09'),(3715,11,35,'2019-01-19 18:06:09'),(3716,25,36,'2019-01-19 18:06:09'),(3717,25,37,'2019-01-19 18:06:09'),(3718,26,38,'2019-01-19 18:06:09'),(3719,68,39,'2019-01-19 18:06:09'),(3720,63,40,'2019-01-19 18:06:09'),(3721,20,41,'2019-01-19 18:06:09'),(3722,16,42,'2019-01-19 18:06:09'),(3723,17,43,'2019-01-19 18:06:09'),(3724,17,44,'2019-01-19 18:06:09'),(3725,57,45,'2019-01-19 18:06:09'),(3726,67,46,'2019-01-19 18:06:09'),(3727,18,47,'2019-01-19 18:06:09'),(3728,6,48,'2019-01-19 18:06:09'),(3729,24,1,'2019-01-19 18:08:10'),(3730,17,2,'2019-01-19 18:08:10'),(3731,38,3,'2019-01-19 18:08:10'),(3732,68,4,'2019-01-19 18:08:11'),(3733,24,5,'2019-01-19 18:08:11'),(3734,5,6,'2019-01-19 18:08:11'),(3735,18,7,'2019-01-19 18:08:11'),(3736,26,8,'2019-01-19 18:08:11'),(3737,54,9,'2019-01-19 18:08:11'),(3738,46,10,'2019-01-19 18:08:11'),(3739,15,11,'2019-01-19 18:08:11'),(3740,29,12,'2019-01-19 18:08:11'),(3741,20,13,'2019-01-19 18:08:11'),(3742,16,14,'2019-01-19 18:08:11'),(3743,41,15,'2019-01-19 18:08:11'),(3744,37,16,'2019-01-19 18:08:11'),(3745,17,17,'2019-01-19 18:08:11'),(3746,28,18,'2019-01-19 18:08:11'),(3747,18,19,'2019-01-19 18:08:11'),(3748,15,20,'2019-01-19 18:08:11'),(3749,54,21,'2019-01-19 18:08:11'),(3750,52,22,'2019-01-19 18:08:11'),(3751,22,23,'2019-01-19 18:08:11'),(3752,16,24,'2019-01-19 18:08:11'),(3753,21,25,'2019-01-19 18:08:11'),(3754,26,26,'2019-01-19 18:08:11'),(3755,37,27,'2019-01-19 18:08:11'),(3756,58,28,'2019-01-19 18:08:12'),(3757,11,29,'2019-01-19 18:08:12'),(3758,19,30,'2019-01-19 18:08:12'),(3759,26,31,'2019-01-19 18:08:12'),(3760,18,32,'2019-01-19 18:08:12'),(3761,41,33,'2019-01-19 18:08:12'),(3762,37,34,'2019-01-19 18:08:12'),(3763,5,35,'2019-01-19 18:08:12'),(3764,16,36,'2019-01-19 18:08:12'),(3765,15,37,'2019-01-19 18:08:12'),(3766,15,38,'2019-01-19 18:08:12'),(3767,45,39,'2019-01-19 18:08:12'),(3768,40,40,'2019-01-19 18:08:12'),(3769,20,41,'2019-01-19 18:08:12'),(3770,20,42,'2019-01-19 18:08:12'),(3771,26,43,'2019-01-19 18:08:12'),(3772,26,44,'2019-01-19 18:08:12'),(3773,62,45,'2019-01-19 18:08:12'),(3774,40,46,'2019-01-19 18:08:12'),(3775,10,47,'2019-01-19 18:08:12'),(3776,7,48,'2019-01-19 18:08:12'),(3777,20,1,'2019-01-19 18:09:07'),(3778,17,2,'2019-01-19 18:09:07'),(3779,57,3,'2019-01-19 18:09:07'),(3780,53,4,'2019-01-19 18:09:07'),(3781,7,5,'2019-01-19 18:09:08'),(3782,9,6,'2019-01-19 18:09:08'),(3783,17,7,'2019-01-19 18:09:08'),(3784,23,8,'2019-01-19 18:09:08'),(3785,37,9,'2019-01-19 18:09:08'),(3786,41,10,'2019-01-19 18:09:08'),(3787,16,11,'2019-01-19 18:09:08'),(3788,22,12,'2019-01-19 18:09:08'),(3789,25,13,'2019-01-19 18:09:08'),(3790,18,14,'2019-01-19 18:09:08'),(3791,34,15,'2019-01-19 18:09:08'),(3792,44,16,'2019-01-19 18:09:08'),(3793,6,17,'2019-01-19 18:09:08'),(3794,13,18,'2019-01-19 18:09:08'),(3795,15,19,'2019-01-19 18:09:08'),(3796,17,20,'2019-01-19 18:09:08'),(3797,37,21,'2019-01-19 18:09:08'),(3798,40,22,'2019-01-19 18:09:08'),(3799,10,23,'2019-01-19 18:09:08'),(3800,7,24,'2019-01-19 18:09:08'),(3801,28,25,'2019-01-19 18:09:08'),(3802,23,26,'2019-01-19 18:09:08'),(3803,34,27,'2019-01-19 18:09:08'),(3804,43,28,'2019-01-19 18:09:08'),(3805,24,29,'2019-01-19 18:09:08'),(3806,5,30,'2019-01-19 18:09:08'),(3807,26,31,'2019-01-19 18:09:08'),(3808,15,32,'2019-01-19 18:09:08'),(3809,42,33,'2019-01-19 18:09:08'),(3810,48,34,'2019-01-19 18:09:08'),(3811,29,35,'2019-01-19 18:09:09'),(3812,24,36,'2019-01-19 18:09:09'),(3813,28,37,'2019-01-19 18:09:09'),(3814,24,38,'2019-01-19 18:09:09'),(3815,45,39,'2019-01-19 18:09:09'),(3816,69,40,'2019-01-19 18:09:09'),(3817,26,41,'2019-01-19 18:09:09'),(3818,27,42,'2019-01-19 18:09:09'),(3819,29,43,'2019-01-19 18:09:09'),(3820,30,44,'2019-01-19 18:09:09'),(3821,47,45,'2019-01-19 18:09:09'),(3822,44,46,'2019-01-19 18:09:09'),(3823,14,47,'2019-01-19 18:09:09'),(3824,26,48,'2019-01-19 18:09:09'),(3825,22,1,'2019-01-19 18:10:04'),(3826,21,2,'2019-01-19 18:10:04'),(3827,40,3,'2019-01-19 18:10:04'),(3828,55,4,'2019-01-19 18:10:04'),(3829,13,5,'2019-01-19 18:10:04'),(3830,10,6,'2019-01-19 18:10:04'),(3831,22,7,'2019-01-19 18:10:04'),(3832,18,8,'2019-01-19 18:10:04'),(3833,68,9,'2019-01-19 18:10:04'),(3834,59,10,'2019-01-19 18:10:04'),(3835,15,11,'2019-01-19 18:10:04'),(3836,19,12,'2019-01-19 18:10:04'),(3837,29,13,'2019-01-19 18:10:04'),(3838,18,14,'2019-01-19 18:10:04'),(3839,32,15,'2019-01-19 18:10:04'),(3840,67,16,'2019-01-19 18:10:04'),(3841,31,17,'2019-01-19 18:10:04'),(3842,18,18,'2019-01-19 18:10:05'),(3843,24,19,'2019-01-19 18:10:05'),(3844,28,20,'2019-01-19 18:10:05'),(3845,42,21,'2019-01-19 18:10:05'),(3846,30,22,'2019-01-19 18:10:05'),(3847,20,23,'2019-01-19 18:10:05'),(3848,11,24,'2019-01-19 18:10:05'),(3849,20,25,'2019-01-19 18:10:05'),(3850,18,26,'2019-01-19 18:10:05'),(3851,58,27,'2019-01-19 18:10:05'),(3852,30,28,'2019-01-19 18:10:05'),(3853,24,29,'2019-01-19 18:10:05'),(3854,30,30,'2019-01-19 18:10:05'),(3855,29,31,'2019-01-19 18:10:05'),(3856,29,32,'2019-01-19 18:10:05'),(3857,30,33,'2019-01-19 18:10:05'),(3858,30,34,'2019-01-19 18:10:05'),(3859,9,35,'2019-01-19 18:10:05'),(3860,10,36,'2019-01-19 18:10:05'),(3861,28,37,'2019-01-19 18:10:05'),(3862,17,38,'2019-01-19 18:10:05'),(3863,64,39,'2019-01-19 18:10:05'),(3864,45,40,'2019-01-19 18:10:05'),(3865,29,41,'2019-01-19 18:10:05'),(3866,20,42,'2019-01-19 18:10:05'),(3867,16,43,'2019-01-19 18:10:05'),(3868,21,44,'2019-01-19 18:10:05'),(3869,66,45,'2019-01-19 18:10:05'),(3870,60,46,'2019-01-19 18:10:05'),(3871,17,47,'2019-01-19 18:10:05'),(3872,27,48,'2019-01-19 18:10:05'),(3873,24,1,'2019-01-19 18:11:00'),(3874,27,2,'2019-01-19 18:11:01'),(3875,54,3,'2019-01-19 18:11:01'),(3876,37,4,'2019-01-19 18:11:01'),(3877,11,5,'2019-01-19 18:11:01'),(3878,10,6,'2019-01-19 18:11:01'),(3879,28,7,'2019-01-19 18:11:01'),(3880,27,8,'2019-01-19 18:11:01'),(3881,35,9,'2019-01-19 18:11:01'),(3882,50,10,'2019-01-19 18:11:01'),(3883,16,11,'2019-01-19 18:11:01'),(3884,9,12,'2019-01-19 18:11:01'),(3885,26,13,'2019-01-19 18:11:01'),(3886,26,14,'2019-01-19 18:11:01'),(3887,31,15,'2019-01-19 18:11:01'),(3888,63,16,'2019-01-19 18:11:01'),(3889,15,17,'2019-01-19 18:11:01'),(3890,30,18,'2019-01-19 18:11:01'),(3891,17,19,'2019-01-19 18:11:01'),(3892,20,20,'2019-01-19 18:11:01'),(3893,37,21,'2019-01-19 18:11:01'),(3894,50,22,'2019-01-19 18:11:01'),(3895,21,23,'2019-01-19 18:11:01'),(3896,16,24,'2019-01-19 18:11:01'),(3897,18,25,'2019-01-19 18:11:01'),(3898,20,26,'2019-01-19 18:11:01'),(3899,67,27,'2019-01-19 18:11:01'),(3900,38,28,'2019-01-19 18:11:01'),(3901,13,29,'2019-01-19 18:11:01'),(3902,26,30,'2019-01-19 18:11:01'),(3903,28,31,'2019-01-19 18:11:02'),(3904,23,32,'2019-01-19 18:11:02'),(3905,68,33,'2019-01-19 18:11:02'),(3906,38,34,'2019-01-19 18:11:02'),(3907,16,35,'2019-01-19 18:11:02'),(3908,14,36,'2019-01-19 18:11:02'),(3909,18,37,'2019-01-19 18:11:02'),(3910,23,38,'2019-01-19 18:11:02'),(3911,54,39,'2019-01-19 18:11:02'),(3912,54,40,'2019-01-19 18:11:02'),(3913,7,41,'2019-01-19 18:11:02'),(3914,5,42,'2019-01-19 18:11:02'),(3915,19,43,'2019-01-19 18:11:02'),(3916,15,44,'2019-01-19 18:11:02'),(3917,50,45,'2019-01-19 18:11:02'),(3918,41,46,'2019-01-19 18:11:02'),(3919,16,47,'2019-01-19 18:11:02'),(3920,16,48,'2019-01-19 18:11:02'),(3921,30,1,'2019-01-19 18:11:57'),(3922,18,2,'2019-01-19 18:11:57'),(3923,35,3,'2019-01-19 18:11:57'),(3924,60,4,'2019-01-19 18:11:57'),(3925,18,5,'2019-01-19 18:11:57'),(3926,26,6,'2019-01-19 18:11:57'),(3927,18,7,'2019-01-19 18:11:57'),(3928,30,8,'2019-01-19 18:11:57'),(3929,52,9,'2019-01-19 18:11:57'),(3930,58,10,'2019-01-19 18:11:57'),(3931,17,11,'2019-01-19 18:11:57'),(3932,14,12,'2019-01-19 18:11:57'),(3933,22,13,'2019-01-19 18:11:57'),(3934,26,14,'2019-01-19 18:11:57'),(3935,65,15,'2019-01-19 18:11:58'),(3936,43,16,'2019-01-19 18:11:58'),(3937,14,17,'2019-01-19 18:11:58'),(3938,28,18,'2019-01-19 18:11:58'),(3939,22,19,'2019-01-19 18:11:58'),(3940,28,20,'2019-01-19 18:11:58'),(3941,33,21,'2019-01-19 18:11:58'),(3942,43,22,'2019-01-19 18:11:58'),(3943,19,23,'2019-01-19 18:11:58'),(3944,6,24,'2019-01-19 18:11:58'),(3945,25,25,'2019-01-19 18:11:58'),(3946,18,26,'2019-01-19 18:11:58'),(3947,31,27,'2019-01-19 18:11:58'),(3948,68,28,'2019-01-19 18:11:58'),(3949,22,29,'2019-01-19 18:11:58'),(3950,21,30,'2019-01-19 18:11:58'),(3951,29,31,'2019-01-19 18:11:58'),(3952,29,32,'2019-01-19 18:11:58'),(3953,67,33,'2019-01-19 18:11:58'),(3954,46,34,'2019-01-19 18:11:58'),(3955,15,35,'2019-01-19 18:11:58'),(3956,16,36,'2019-01-19 18:11:58'),(3957,30,37,'2019-01-19 18:11:58'),(3958,18,38,'2019-01-19 18:11:58'),(3959,63,39,'2019-01-19 18:11:58'),(3960,46,40,'2019-01-19 18:11:58'),(3961,6,41,'2019-01-19 18:11:58'),(3962,6,42,'2019-01-19 18:11:58'),(3963,29,43,'2019-01-19 18:11:58'),(3964,25,44,'2019-01-19 18:11:59'),(3965,39,45,'2019-01-19 18:11:59'),(3966,54,46,'2019-01-19 18:11:59'),(3967,9,47,'2019-01-19 18:11:59'),(3968,23,48,'2019-01-19 18:11:59'),(3969,27,1,'2019-01-19 18:12:54'),(3970,27,2,'2019-01-19 18:12:54'),(3971,37,3,'2019-01-19 18:12:54'),(3972,65,4,'2019-01-19 18:12:54'),(3973,13,5,'2019-01-19 18:12:54'),(3974,24,6,'2019-01-19 18:12:54'),(3975,18,7,'2019-01-19 18:12:54'),(3976,29,8,'2019-01-19 18:12:54'),(3977,68,9,'2019-01-19 18:12:54'),(3978,35,10,'2019-01-19 18:12:54'),(3979,12,11,'2019-01-19 18:12:54'),(3980,16,12,'2019-01-19 18:12:54'),(3981,27,13,'2019-01-19 18:12:54'),(3982,23,14,'2019-01-19 18:12:54'),(3983,56,15,'2019-01-19 18:12:54'),(3984,59,16,'2019-01-19 18:12:55'),(3985,6,17,'2019-01-19 18:12:55'),(3986,19,18,'2019-01-19 18:12:55'),(3987,23,19,'2019-01-19 18:12:55'),(3988,16,20,'2019-01-19 18:12:55'),(3989,48,21,'2019-01-19 18:12:55'),(3990,46,22,'2019-01-19 18:12:55'),(3991,16,23,'2019-01-19 18:12:55'),(3992,25,24,'2019-01-19 18:12:55'),(3993,21,25,'2019-01-19 18:12:55'),(3994,26,26,'2019-01-19 18:12:55'),(3995,55,27,'2019-01-19 18:12:55'),(3996,38,28,'2019-01-19 18:12:55'),(3997,6,29,'2019-01-19 18:12:55'),(3998,24,30,'2019-01-19 18:12:55'),(3999,25,31,'2019-01-19 18:12:55'),(4000,26,32,'2019-01-19 18:12:55'),(4001,69,33,'2019-01-19 18:12:55'),(4002,47,34,'2019-01-19 18:12:55'),(4003,30,35,'2019-01-19 18:12:55'),(4004,22,36,'2019-01-19 18:12:55'),(4005,16,37,'2019-01-19 18:12:55'),(4006,22,38,'2019-01-19 18:12:55'),(4007,60,39,'2019-01-19 18:12:55'),(4008,60,40,'2019-01-19 18:12:55'),(4009,31,41,'2019-01-19 18:12:55'),(4010,12,42,'2019-01-19 18:12:55'),(4011,25,43,'2019-01-19 18:12:55'),(4012,30,44,'2019-01-19 18:12:55'),(4013,46,45,'2019-01-19 18:12:55'),(4014,66,46,'2019-01-19 18:12:55'),(4015,22,47,'2019-01-19 18:12:55'),(4016,22,48,'2019-01-19 18:12:55'),(4017,24,1,'2019-01-19 18:15:04'),(4018,25,2,'2019-01-19 18:15:04'),(4019,61,3,'2019-01-19 18:15:04'),(4020,40,4,'2019-01-19 18:15:04'),(4021,8,5,'2019-01-19 18:15:04'),(4022,25,6,'2019-01-19 18:15:04'),(4023,28,7,'2019-01-19 18:15:04'),(4024,29,8,'2019-01-19 18:15:04'),(4025,50,9,'2019-01-19 18:15:04'),(4026,42,10,'2019-01-19 18:15:04'),(4027,9,11,'2019-01-19 18:15:04'),(4028,20,12,'2019-01-19 18:15:04'),(4029,29,13,'2019-01-19 18:15:04'),(4030,18,14,'2019-01-19 18:15:04'),(4031,69,15,'2019-01-19 18:15:04'),(4032,68,16,'2019-01-19 18:15:04'),(4033,31,17,'2019-01-19 18:15:04'),(4034,9,18,'2019-01-19 18:15:04'),(4035,16,19,'2019-01-19 18:15:04'),(4036,20,20,'2019-01-19 18:15:04'),(4037,59,21,'2019-01-19 18:15:04'),(4038,37,22,'2019-01-19 18:15:05'),(4039,31,23,'2019-01-19 18:15:05'),(4040,15,24,'2019-01-19 18:15:05'),(4041,17,25,'2019-01-19 18:15:05'),(4042,22,26,'2019-01-19 18:15:05'),(4043,69,27,'2019-01-19 18:15:05'),(4044,60,28,'2019-01-19 18:15:05'),(4045,15,29,'2019-01-19 18:15:05'),(4046,21,30,'2019-01-19 18:15:05'),(4047,22,31,'2019-01-19 18:15:05'),(4048,22,32,'2019-01-19 18:15:05'),(4049,44,33,'2019-01-19 18:15:05'),(4050,69,34,'2019-01-19 18:15:05'),(4051,30,35,'2019-01-19 18:15:05'),(4052,16,36,'2019-01-19 18:15:05'),(4053,25,37,'2019-01-19 18:15:05'),(4054,25,38,'2019-01-19 18:15:05'),(4055,58,39,'2019-01-19 18:15:05'),(4056,33,40,'2019-01-19 18:15:05'),(4057,23,41,'2019-01-19 18:15:05'),(4058,20,42,'2019-01-19 18:15:05'),(4059,29,43,'2019-01-19 18:15:05'),(4060,19,44,'2019-01-19 18:15:05'),(4061,70,45,'2019-01-19 18:15:05'),(4062,37,46,'2019-01-19 18:15:05'),(4063,8,47,'2019-01-19 18:15:05'),(4064,18,48,'2019-01-19 18:15:05'),(4065,25,1,'2019-01-19 18:18:01'),(4066,26,2,'2019-01-19 18:18:02'),(4067,66,3,'2019-01-19 18:18:02'),(4068,50,4,'2019-01-19 18:18:02'),(4069,22,5,'2019-01-19 18:18:02'),(4070,28,6,'2019-01-19 18:18:02'),(4071,23,7,'2019-01-19 18:18:02'),(4072,27,8,'2019-01-19 18:18:02'),(4073,70,9,'2019-01-19 18:18:02'),(4074,53,10,'2019-01-19 18:18:02'),(4075,22,11,'2019-01-19 18:18:02'),(4076,15,12,'2019-01-19 18:18:02'),(4077,21,13,'2019-01-19 18:18:02'),(4078,17,14,'2019-01-19 18:18:02'),(4079,65,15,'2019-01-19 18:18:02'),(4080,52,16,'2019-01-19 18:18:02'),(4081,19,17,'2019-01-19 18:18:02'),(4082,24,18,'2019-01-19 18:18:02'),(4083,24,19,'2019-01-19 18:18:02'),(4084,21,20,'2019-01-19 18:18:02'),(4085,34,21,'2019-01-19 18:18:02'),(4086,51,22,'2019-01-19 18:18:02'),(4087,28,23,'2019-01-19 18:18:02'),(4088,24,24,'2019-01-19 18:18:02'),(4089,27,25,'2019-01-19 18:18:03'),(4090,15,26,'2019-01-19 18:18:03'),(4091,31,27,'2019-01-19 18:18:03'),(4092,62,28,'2019-01-19 18:18:03'),(4093,29,29,'2019-01-19 18:18:03'),(4094,15,30,'2019-01-19 18:18:03'),(4095,17,31,'2019-01-19 18:18:03'),(4096,29,32,'2019-01-19 18:18:03'),(4097,47,33,'2019-01-19 18:18:03'),(4098,42,34,'2019-01-19 18:18:03'),(4099,18,35,'2019-01-19 18:18:03'),(4100,23,36,'2019-01-19 18:18:03'),(4101,18,37,'2019-01-19 18:18:03'),(4102,23,38,'2019-01-19 18:18:03'),(4103,32,39,'2019-01-19 18:18:03'),(4104,70,40,'2019-01-19 18:18:03'),(4105,13,41,'2019-01-19 18:18:03'),(4106,31,42,'2019-01-19 18:18:03'),(4107,28,43,'2019-01-19 18:18:03'),(4108,18,44,'2019-01-19 18:18:03'),(4109,48,45,'2019-01-19 18:18:03'),(4110,32,46,'2019-01-19 18:18:03'),(4111,15,47,'2019-01-19 18:18:03'),(4112,12,48,'2019-01-19 18:18:03'),(4113,20,1,'2019-01-19 18:20:14'),(4114,16,2,'2019-01-19 18:20:15'),(4115,39,3,'2019-01-19 18:20:15'),(4116,40,4,'2019-01-19 18:20:15'),(4117,9,5,'2019-01-19 18:20:15'),(4118,19,6,'2019-01-19 18:20:15'),(4119,18,7,'2019-01-19 18:20:15'),(4120,22,8,'2019-01-19 18:20:15'),(4121,45,9,'2019-01-19 18:20:15'),(4122,65,10,'2019-01-19 18:20:15'),(4123,10,11,'2019-01-19 18:20:15'),(4124,8,12,'2019-01-19 18:20:15'),(4125,24,13,'2019-01-19 18:20:15'),(4126,21,14,'2019-01-19 18:20:15'),(4127,39,15,'2019-01-19 18:20:15'),(4128,42,16,'2019-01-19 18:20:15'),(4129,19,17,'2019-01-19 18:20:15'),(4130,9,18,'2019-01-19 18:20:15'),(4131,17,19,'2019-01-19 18:20:15'),(4132,25,20,'2019-01-19 18:20:15'),(4133,39,21,'2019-01-19 18:20:15'),(4134,62,22,'2019-01-19 18:20:15'),(4135,31,23,'2019-01-19 18:20:15'),(4136,11,24,'2019-01-19 18:20:15'),(4137,18,25,'2019-01-19 18:20:15'),(4138,29,26,'2019-01-19 18:20:15'),(4139,30,27,'2019-01-19 18:20:16'),(4140,63,28,'2019-01-19 18:20:16'),(4141,7,29,'2019-01-19 18:20:16'),(4142,24,30,'2019-01-19 18:20:16'),(4143,17,31,'2019-01-19 18:20:16'),(4144,30,32,'2019-01-19 18:20:16'),(4145,53,33,'2019-01-19 18:20:16'),(4146,53,34,'2019-01-19 18:20:16'),(4147,11,35,'2019-01-19 18:20:16'),(4148,5,36,'2019-01-19 18:20:16'),(4149,15,37,'2019-01-19 18:20:16'),(4150,24,38,'2019-01-19 18:20:16'),(4151,54,39,'2019-01-19 18:20:16'),(4152,33,40,'2019-01-19 18:20:16'),(4153,25,41,'2019-01-19 18:20:16'),(4154,30,42,'2019-01-19 18:20:16'),(4155,28,43,'2019-01-19 18:20:16'),(4156,21,44,'2019-01-19 18:20:16'),(4157,46,45,'2019-01-19 18:20:16'),(4158,58,46,'2019-01-19 18:20:16'),(4159,27,47,'2019-01-19 18:20:16'),(4160,18,48,'2019-01-19 18:20:16'),(4161,30,1,'2019-01-19 18:21:40'),(4162,16,2,'2019-01-19 18:21:40'),(4163,48,3,'2019-01-19 18:21:40'),(4164,44,4,'2019-01-19 18:21:40'),(4165,8,5,'2019-01-19 18:21:40'),(4166,31,6,'2019-01-19 18:21:40'),(4167,28,7,'2019-01-19 18:21:41'),(4168,22,8,'2019-01-19 18:21:41'),(4169,40,9,'2019-01-19 18:21:41'),(4170,36,10,'2019-01-19 18:21:41'),(4171,16,11,'2019-01-19 18:21:41'),(4172,7,12,'2019-01-19 18:21:41'),(4173,24,13,'2019-01-19 18:21:41'),(4174,22,14,'2019-01-19 18:21:41'),(4175,59,15,'2019-01-19 18:21:41'),(4176,36,16,'2019-01-19 18:21:41'),(4177,19,17,'2019-01-19 18:21:41'),(4178,10,18,'2019-01-19 18:21:41'),(4179,27,19,'2019-01-19 18:21:41'),(4180,17,20,'2019-01-19 18:21:41'),(4181,50,21,'2019-01-19 18:21:41'),(4182,67,22,'2019-01-19 18:21:41'),(4183,13,23,'2019-01-19 18:21:41'),(4184,18,24,'2019-01-19 18:21:41'),(4185,16,25,'2019-01-19 18:21:41'),(4186,22,26,'2019-01-19 18:21:41'),(4187,48,27,'2019-01-19 18:21:41'),(4188,69,28,'2019-01-19 18:21:41'),(4189,9,29,'2019-01-19 18:21:41'),(4190,13,30,'2019-01-19 18:21:41'),(4191,26,31,'2019-01-19 18:21:41'),(4192,27,32,'2019-01-19 18:21:41'),(4193,49,33,'2019-01-19 18:21:41'),(4194,33,34,'2019-01-19 18:21:41'),(4195,30,35,'2019-01-19 18:21:41'),(4196,19,36,'2019-01-19 18:21:41'),(4197,23,37,'2019-01-19 18:21:42'),(4198,25,38,'2019-01-19 18:21:42'),(4199,40,39,'2019-01-19 18:21:42'),(4200,70,40,'2019-01-19 18:21:42'),(4201,21,41,'2019-01-19 18:21:42'),(4202,22,42,'2019-01-19 18:21:42'),(4203,26,43,'2019-01-19 18:21:42'),(4204,28,44,'2019-01-19 18:21:42'),(4205,66,45,'2019-01-19 18:21:42'),(4206,40,46,'2019-01-19 18:21:42'),(4207,10,47,'2019-01-19 18:21:42'),(4208,15,48,'2019-01-19 18:21:42');
/*!40000 ALTER TABLE `dato` ENABLE KEYS */;
UNLOCK TABLES;

--
-- Table structure for table `edificio`
--

DROP TABLE IF EXISTS `edificio`;
/*!40101 SET @saved_cs_client     = @@character_set_client */;
 SET character_set_client = utf8mb4 ;
CREATE TABLE `edificio` (
  `ID` int(10) unsigned NOT NULL AUTO_INCREMENT,
  `nome` varchar(100) NOT NULL,
  `numero_piani` int(10) unsigned NOT NULL,
  PRIMARY KEY (`ID`)
) ENGINE=InnoDB AUTO_INCREMENT=8 DEFAULT CHARSET=utf8mb4 COLLATE=utf8mb4_0900_ai_ci;
/*!40101 SET character_set_client = @saved_cs_client */;

--
-- Dumping data for table `edificio`
--

LOCK TABLES `edificio` WRITE;
/*!40000 ALTER TABLE `edificio` DISABLE KEYS */;
INSERT INTO `edificio` VALUES (1,'Edificio 1',3),(2,'Edificio 2',3),(3,'Edificio 3',3),(4,'Edificio 4',3),(5,'Edifiicio 5',3),(6,'Obitorio',1),(7,'Mensa',1);
/*!40000 ALTER TABLE `edificio` ENABLE KEYS */;
UNLOCK TABLES;

--
-- Table structure for table `responsabilearea`
--

DROP TABLE IF EXISTS `responsabilearea`;
/*!40101 SET @saved_cs_client     = @@character_set_client */;
 SET character_set_client = utf8mb4 ;
CREATE TABLE `responsabilearea` (
  `ID` int(10) unsigned NOT NULL AUTO_INCREMENT,
  `IDarea` int(10) unsigned NOT NULL,
  `nome` varchar(100) NOT NULL,
  `cognome` varchar(100) NOT NULL,
  `identificativo` varchar(10) NOT NULL,
  PRIMARY KEY (`ID`),
  UNIQUE KEY `identificativo` (`identificativo`),
  UNIQUE KEY `turno_unico` (`identificativo`),
  KEY `responsabile_area` (`IDarea`),
  CONSTRAINT `responsabile_area` FOREIGN KEY (`IDarea`) REFERENCES `area` (`id`)
) ENGINE=InnoDB AUTO_INCREMENT=49 DEFAULT CHARSET=utf8mb4 COLLATE=utf8mb4_0900_ai_ci;
/*!40101 SET character_set_client = @saved_cs_client */;

--
-- Dumping data for table `responsabilearea`
--

LOCK TABLES `responsabilearea` WRITE;
/*!40000 ALTER TABLE `responsabilearea` DISABLE KEYS */;
INSERT INTO `responsabilearea` VALUES (1,1,'bruno','orso','bruor'),(2,2,'carla','civetta','caci'),(3,3,'daniela','elefante','dael'),(4,4,'emiliana','giraffa','emigir'),(5,5,'anacleto','filippetto','anafil'),(6,6,'franca','baba','frabab'),(7,7,'giancarlo','mandolino','giaman'),(8,8,'harry','potter','harpot'),(9,9,'ilaria','d\'anastasio','iladan'),(10,10,'john','noncipensa','johnon'),(11,11,'james','tonno','jameto'),(12,12,'liliana','rodriguez','lilrodr'),(13,13,'michele','bravi','micbra'),(14,14,'nicola','rubrino','nicrub'),(15,15,'olivia','dichiarata','olidic'),(16,16,'patrizio','plebeo','patpleb'),(17,17,'quenty','qualcosa','quequa'),(18,18,'roberto','stalla','rosta'),(19,19,'silvio','santo','sisa'),(20,20,'leonardo','okey','leok'),(21,21,'carlo','pantera','carlpa'),(22,22,'laura','volpe','lavo'),(23,23,'francesca','fiore','frafio'),(24,24,'eleonora','piccione','elepi'),(25,25,'roberta','rossi','roros'),(26,26,'cristina','sciarpa','criscia'),(27,27,'michela','tavolino','micheta'),(28,28,'domiziano','neri','domine'),(29,29,'lorella','carbone','loreca'),(30,30,'bianca','altobelli','bialto'),(31,31,'simone','de paolis','sidepa'),(32,32,'samuele ','de angelis','sadea'),(33,33,'paola','passerotto','papas'),(34,35,'andrea','uccello','anuc'),(35,36,'pina','amaca','pinam'),(36,37,'martino','palombaro','marpa'),(37,38,'federico','pollo','fepol'),(38,39,'federica','cappello','fecap'),(39,40,'alberto','lombaro','allo'),(40,41,'alex','zonzi','alezo'),(41,42,'annalisa','patrono','annapa'),(42,43,'arianna','mascara','ariama'),(43,44,'gaia','passacantando','gaiapa'),(44,45,'claudio','serpa','clase'),(45,46,'danilo','pitone','danpi'),(46,47,'leonardo','carducci','leoca'),(47,48,'christian','michelangelo','chimi'),(48,49,'donatello','vinci','donavi');
/*!40000 ALTER TABLE `responsabilearea` ENABLE KEYS */;
UNLOCK TABLES;

--
-- Table structure for table `responsabileedificio`
--

DROP TABLE IF EXISTS `responsabileedificio`;
/*!40101 SET @saved_cs_client     = @@character_set_client */;
 SET character_set_client = utf8mb4 ;
CREATE TABLE `responsabileedificio` (
  `ID` int(10) unsigned NOT NULL AUTO_INCREMENT,
  `IDedificio` int(10) unsigned NOT NULL,
  `nome` varchar(100) NOT NULL,
  `cognome` varchar(100) NOT NULL,
  `identificativo` varchar(10) NOT NULL,
  PRIMARY KEY (`ID`),
  UNIQUE KEY `identificativo` (`identificativo`),
  KEY `responsabile_edificio` (`IDedificio`),
  CONSTRAINT `responsabile_edificio` FOREIGN KEY (`IDedificio`) REFERENCES `edificio` (`id`)
) ENGINE=InnoDB AUTO_INCREMENT=20 DEFAULT CHARSET=utf8mb4 COLLATE=utf8mb4_0900_ai_ci;
/*!40101 SET character_set_client = @saved_cs_client */;

--
-- Dumping data for table `responsabileedificio`
--

LOCK TABLES `responsabileedificio` WRITE;
/*!40000 ALTER TABLE `responsabileedificio` DISABLE KEYS */;
INSERT INTO `responsabileedificio` VALUES (1,1,'mario','rossi','maro'),(2,1,'giulio','bianchi','giba'),(3,1,'antonia','verdi','anve'),(4,2,'giovanna','neri','gine'),(5,2,'giuseppe','giallini','giugia'),(6,2,'andrea','viola','anvio'),(7,3,'luca','marroni','lumarr'),(8,3,'benedetta','rosea','benero'),(9,3,'sara','arancio','saaranc'),(10,4,'fabio','blu','fablublu'),(11,4,'rossella','ciano','roscia'),(12,4,'francesco','benevento','fraben'),(13,5,'angela','ocre','anoc'),(14,5,'luigi','magenta','luman'),(15,5,'alessia','marca','almar'),(16,6,'massimo','badino','masbad'),(17,6,'gabriella','nonostante','gabrinono'),(18,7,'antonella','dirigenta','antodir'),(19,7,'dina','antoneliana','dinanto');
/*!40000 ALTER TABLE `responsabileedificio` ENABLE KEYS */;
UNLOCK TABLES;

--
-- Table structure for table `sensore`
--

DROP TABLE IF EXISTS `sensore`;
/*!40101 SET @saved_cs_client     = @@character_set_client */;
 SET character_set_client = utf8mb4 ;
CREATE TABLE `sensore` (
  `ID` int(10) unsigned NOT NULL AUTO_INCREMENT,
  `IDzona` int(10) unsigned NOT NULL,
  `tipo` enum('temperatura','umidita','pressione') DEFAULT NULL,
  `timer_secondi` enum('30','60') DEFAULT '60',
  `funzionamento` enum('0','1') DEFAULT '1',
  PRIMARY KEY (`ID`),
  KEY `sensore_zona` (`IDzona`),
  CONSTRAINT `sensore_zona` FOREIGN KEY (`IDzona`) REFERENCES `zona` (`id`) ON UPDATE CASCADE
) ENGINE=InnoDB AUTO_INCREMENT=2353 DEFAULT CHARSET=utf8mb4 COLLATE=utf8mb4_0900_ai_ci;
/*!40101 SET character_set_client = @saved_cs_client */;

--
-- Dumping data for table `sensore`
--

LOCK TABLES `sensore` WRITE;
/*!40000 ALTER TABLE `sensore` DISABLE KEYS */;
INSERT INTO `sensore` VALUES (1,1,'temperatura','60','1'),(2,1,'temperatura','60','1'),(3,1,'umidita','60','1'),(4,1,'umidita','60','1'),(5,1,'pressione','60','1'),(6,1,'pressione','60','1'),(7,2,'temperatura','60','1'),(8,2,'temperatura','60','1'),(9,2,'umidita','60','1'),(10,2,'umidita','60','1'),(11,2,'pressione','60','1'),(12,2,'pressione','60','1'),(13,3,'temperatura','60','1'),(14,3,'temperatura','60','1'),(15,3,'umidita','60','1'),(16,3,'umidita','60','1'),(17,3,'pressione','60','1'),(18,3,'pressione','60','1'),(19,4,'temperatura','60','1'),(20,4,'temperatura','60','1'),(21,4,'umidita','60','1'),(22,4,'umidita','60','1'),(23,4,'pressione','60','1'),(24,4,'pressione','60','1'),(25,5,'temperatura','60','1'),(26,5,'temperatura','60','1'),(27,5,'umidita','60','1'),(28,5,'umidita','60','1'),(29,5,'pressione','60','1'),(30,5,'pressione','60','1'),(31,6,'temperatura','60','1'),(32,6,'temperatura','60','1'),(33,6,'umidita','60','1'),(34,6,'umidita','60','1'),(35,6,'pressione','60','1'),(36,6,'pressione','60','1'),(37,7,'temperatura','60','1'),(38,7,'temperatura','60','1'),(39,7,'umidita','60','1'),(40,7,'umidita','60','1'),(41,7,'pressione','60','1'),(42,7,'pressione','60','1'),(43,8,'temperatura','60','1'),(44,8,'temperatura','60','1'),(45,8,'umidita','60','1'),(46,8,'umidita','60','1'),(47,8,'pressione','60','1'),(48,8,'pressione','60','1'),(49,9,'temperatura','60','1'),(50,9,'temperatura','60','1'),(51,9,'umidita','60','1'),(52,9,'umidita','60','1'),(53,9,'pressione','60','1'),(54,9,'pressione','60','1'),(55,10,'temperatura','60','1'),(56,10,'temperatura','60','1'),(57,10,'umidita','60','1'),(58,10,'umidita','60','1'),(59,10,'pressione','60','1'),(60,10,'pressione','60','1'),(61,11,'temperatura','60','1'),(62,11,'temperatura','60','1'),(63,11,'umidita','60','1'),(64,11,'umidita','60','1'),(65,11,'pressione','60','1'),(66,11,'pressione','60','1'),(67,12,'temperatura','60','1'),(68,12,'temperatura','60','1'),(69,12,'umidita','60','1'),(70,12,'umidita','60','1'),(71,12,'pressione','60','1'),(72,12,'pressione','60','1'),(73,13,'temperatura','60','1'),(74,13,'temperatura','60','1'),(75,13,'umidita','60','1'),(76,13,'umidita','60','1'),(77,13,'pressione','60','1'),(78,13,'pressione','60','1'),(79,14,'temperatura','60','1'),(80,14,'temperatura','60','1'),(81,14,'umidita','60','1'),(82,14,'umidita','60','1'),(83,14,'pressione','60','1'),(84,14,'pressione','60','1'),(85,15,'temperatura','60','1'),(86,15,'temperatura','60','1'),(87,15,'umidita','60','1'),(88,15,'umidita','60','1'),(89,15,'pressione','60','1'),(90,15,'pressione','60','1'),(91,16,'temperatura','60','1'),(92,16,'temperatura','60','1'),(93,16,'umidita','60','1'),(94,16,'umidita','60','1'),(95,16,'pressione','60','1'),(96,16,'pressione','60','1'),(97,17,'temperatura','60','1'),(98,17,'temperatura','60','1'),(99,17,'umidita','60','1'),(100,17,'umidita','60','1'),(101,17,'pressione','60','1'),(102,17,'pressione','60','1'),(103,18,'temperatura','60','1'),(104,18,'temperatura','60','1'),(105,18,'umidita','60','1'),(106,18,'umidita','60','1'),(107,18,'pressione','60','1'),(108,18,'pressione','60','1'),(109,19,'temperatura','60','1'),(110,19,'temperatura','60','1'),(111,19,'umidita','60','1'),(112,19,'umidita','60','1'),(113,19,'pressione','60','1'),(114,19,'pressione','60','1'),(115,20,'temperatura','60','1'),(116,20,'temperatura','60','1'),(117,20,'umidita','60','1'),(118,20,'umidita','60','1'),(119,20,'pressione','60','1'),(120,20,'pressione','60','1'),(121,21,'temperatura','60','1'),(122,21,'temperatura','60','1'),(123,21,'umidita','60','1'),(124,21,'umidita','60','1'),(125,21,'pressione','60','1'),(126,21,'pressione','60','1'),(127,22,'temperatura','60','1'),(128,22,'temperatura','60','1'),(129,22,'umidita','60','1'),(130,22,'umidita','60','1'),(131,22,'pressione','60','1'),(132,22,'pressione','60','1'),(133,23,'temperatura','60','1'),(134,23,'temperatura','60','1'),(135,23,'umidita','60','1'),(136,23,'umidita','60','1'),(137,23,'pressione','60','1'),(138,23,'pressione','60','1'),(139,24,'temperatura','60','1'),(140,24,'temperatura','60','1'),(141,24,'umidita','60','1'),(142,24,'umidita','60','1'),(143,24,'pressione','60','1'),(144,24,'pressione','60','1'),(145,25,'temperatura','60','1'),(146,25,'temperatura','60','1'),(147,25,'umidita','60','1'),(148,25,'umidita','60','1'),(149,25,'pressione','60','1'),(150,25,'pressione','60','1'),(151,26,'temperatura','60','1'),(152,26,'temperatura','60','1'),(153,26,'umidita','60','1'),(154,26,'umidita','60','1'),(155,26,'pressione','60','1'),(156,26,'pressione','60','1'),(157,27,'temperatura','60','1'),(158,27,'temperatura','60','1'),(159,27,'umidita','60','1'),(160,27,'umidita','60','1'),(161,27,'pressione','60','1'),(162,27,'pressione','60','1'),(163,28,'temperatura','60','1'),(164,28,'temperatura','60','1'),(165,28,'umidita','60','1'),(166,28,'umidita','60','1'),(167,28,'pressione','60','1'),(168,28,'pressione','60','1'),(169,29,'temperatura','60','1'),(170,29,'temperatura','60','1'),(171,29,'umidita','60','1'),(172,29,'umidita','60','1'),(173,29,'pressione','60','1'),(174,29,'pressione','60','1'),(175,30,'temperatura','60','1'),(176,30,'temperatura','60','1'),(177,30,'umidita','60','1'),(178,30,'umidita','60','1'),(179,30,'pressione','60','1'),(180,30,'pressione','60','1'),(181,31,'temperatura','60','1'),(182,31,'temperatura','60','1'),(183,31,'umidita','60','1'),(184,31,'umidita','60','1'),(185,31,'pressione','60','1'),(186,31,'pressione','60','1'),(187,32,'temperatura','60','1'),(188,32,'temperatura','60','1'),(189,32,'umidita','60','1'),(190,32,'umidita','60','1'),(191,32,'pressione','60','1'),(192,32,'pressione','60','1'),(193,33,'temperatura','60','1'),(194,33,'temperatura','60','1'),(195,33,'umidita','60','1'),(196,33,'umidita','60','1'),(197,33,'pressione','60','1'),(198,33,'pressione','60','1'),(199,34,'temperatura','60','1'),(200,34,'temperatura','60','1'),(201,34,'umidita','60','1'),(202,34,'umidita','60','1'),(203,34,'pressione','60','1'),(204,34,'pressione','60','1'),(205,35,'temperatura','60','1'),(206,35,'temperatura','60','1'),(207,35,'umidita','60','1'),(208,35,'umidita','60','1'),(209,35,'pressione','60','1'),(210,35,'pressione','60','1'),(211,36,'temperatura','60','1'),(212,36,'temperatura','60','1'),(213,36,'umidita','60','1'),(214,36,'umidita','60','1'),(215,36,'pressione','60','1'),(216,36,'pressione','60','1'),(217,37,'temperatura','60','1'),(218,37,'temperatura','60','1'),(219,37,'umidita','60','1'),(220,37,'umidita','60','1'),(221,37,'pressione','60','1'),(222,37,'pressione','60','1'),(223,38,'temperatura','60','1'),(224,38,'temperatura','60','1'),(225,38,'umidita','60','1'),(226,38,'umidita','60','1'),(227,38,'pressione','60','1'),(228,38,'pressione','60','1'),(229,39,'temperatura','60','1'),(230,39,'temperatura','60','1'),(231,39,'umidita','60','1'),(232,39,'umidita','60','1'),(233,39,'pressione','60','1'),(234,39,'pressione','60','1'),(235,40,'temperatura','60','1'),(236,40,'temperatura','60','1'),(237,40,'umidita','60','1'),(238,40,'umidita','60','1'),(239,40,'pressione','60','1'),(240,40,'pressione','60','1'),(241,41,'temperatura','60','1'),(242,41,'temperatura','60','1'),(243,41,'umidita','60','1'),(244,41,'umidita','60','1'),(245,41,'pressione','60','1'),(246,41,'pressione','60','1'),(247,42,'temperatura','60','1'),(248,42,'temperatura','60','1'),(249,42,'umidita','60','1'),(250,42,'umidita','60','1'),(251,42,'pressione','60','1'),(252,42,'pressione','60','1'),(253,43,'temperatura','60','1'),(254,43,'temperatura','60','1'),(255,43,'umidita','60','1'),(256,43,'umidita','60','1'),(257,43,'pressione','60','1'),(258,43,'pressione','60','1'),(259,44,'temperatura','60','1'),(260,44,'temperatura','60','1'),(261,44,'umidita','60','1'),(262,44,'umidita','60','1'),(263,44,'pressione','60','1'),(264,44,'pressione','60','1'),(265,45,'temperatura','60','1'),(266,45,'temperatura','60','1'),(267,45,'umidita','60','1'),(268,45,'umidita','60','1'),(269,45,'pressione','60','1'),(270,45,'pressione','60','1'),(271,46,'temperatura','60','1'),(272,46,'temperatura','60','1'),(273,46,'umidita','60','1'),(274,46,'umidita','60','1'),(275,46,'pressione','60','1'),(276,46,'pressione','60','1'),(277,47,'temperatura','60','1'),(278,47,'temperatura','60','1'),(279,47,'umidita','60','1'),(280,47,'umidita','60','1'),(281,47,'pressione','60','1'),(282,47,'pressione','60','1'),(283,48,'temperatura','60','1'),(284,48,'temperatura','60','1'),(285,48,'umidita','60','1'),(286,48,'umidita','60','1'),(287,48,'pressione','60','1'),(288,48,'pressione','60','1'),(289,49,'temperatura','60','1'),(290,49,'temperatura','60','1'),(291,49,'umidita','60','1'),(292,49,'umidita','60','1'),(293,49,'pressione','60','1'),(294,49,'pressione','60','1'),(295,50,'temperatura','60','1'),(296,50,'temperatura','60','1'),(297,50,'umidita','60','1'),(298,50,'umidita','60','1'),(299,50,'pressione','60','1'),(300,50,'pressione','60','1'),(301,51,'temperatura','60','1'),(302,51,'temperatura','60','1'),(303,51,'umidita','60','1'),(304,51,'umidita','60','1'),(305,51,'pressione','60','1'),(306,51,'pressione','60','1'),(307,52,'temperatura','60','1'),(308,52,'temperatura','60','1'),(309,52,'umidita','60','1'),(310,52,'umidita','60','1'),(311,52,'pressione','60','1'),(312,52,'pressione','60','1'),(313,53,'temperatura','60','1'),(314,53,'temperatura','60','1'),(315,53,'umidita','60','1'),(316,53,'umidita','60','1'),(317,53,'pressione','60','1'),(318,53,'pressione','60','1'),(319,54,'temperatura','60','1'),(320,54,'temperatura','60','1'),(321,54,'umidita','60','1'),(322,54,'umidita','60','1'),(323,54,'pressione','60','1'),(324,54,'pressione','60','1'),(325,55,'temperatura','60','1'),(326,55,'temperatura','60','1'),(327,55,'umidita','60','1'),(328,55,'umidita','60','1'),(329,55,'pressione','60','1'),(330,55,'pressione','60','1'),(331,56,'temperatura','60','1'),(332,56,'temperatura','60','1'),(333,56,'umidita','60','1'),(334,56,'umidita','60','1'),(335,56,'pressione','60','1'),(336,56,'pressione','60','1'),(337,57,'temperatura','60','1'),(338,57,'temperatura','60','1'),(339,57,'umidita','60','1'),(340,57,'umidita','60','1'),(341,57,'pressione','60','1'),(342,57,'pressione','60','1'),(343,58,'temperatura','60','1'),(344,58,'temperatura','60','1'),(345,58,'umidita','60','1'),(346,58,'umidita','60','1'),(347,58,'pressione','60','1'),(348,58,'pressione','60','1'),(349,59,'temperatura','60','1'),(350,59,'temperatura','60','1'),(351,59,'umidita','60','1'),(352,59,'umidita','60','1'),(353,59,'pressione','60','1'),(354,59,'pressione','60','1'),(355,60,'temperatura','60','1'),(356,60,'temperatura','60','1'),(357,60,'umidita','60','1'),(358,60,'umidita','60','1'),(359,60,'pressione','60','1'),(360,60,'pressione','60','1'),(361,61,'temperatura','60','1'),(362,61,'temperatura','60','1'),(363,61,'umidita','60','1'),(364,61,'umidita','60','1'),(365,61,'pressione','60','1'),(366,61,'pressione','60','1'),(367,62,'temperatura','60','1'),(368,62,'temperatura','60','1'),(369,62,'umidita','60','1'),(370,62,'umidita','60','1'),(371,62,'pressione','60','1'),(372,62,'pressione','60','1'),(373,63,'temperatura','60','1'),(374,63,'temperatura','60','1'),(375,63,'umidita','60','1'),(376,63,'umidita','60','1'),(377,63,'pressione','60','1'),(378,63,'pressione','60','1'),(379,64,'temperatura','60','1'),(380,64,'temperatura','60','1'),(381,64,'umidita','60','1'),(382,64,'umidita','60','1'),(383,64,'pressione','60','1'),(384,64,'pressione','60','1'),(385,65,'temperatura','60','1'),(386,65,'temperatura','60','1'),(387,65,'umidita','60','1'),(388,65,'umidita','60','1'),(389,65,'pressione','60','1'),(390,65,'pressione','60','1'),(391,66,'temperatura','60','1'),(392,66,'temperatura','60','1'),(393,66,'umidita','60','1'),(394,66,'umidita','60','1'),(395,66,'pressione','60','1'),(396,66,'pressione','60','1'),(397,67,'temperatura','60','1'),(398,67,'temperatura','60','1'),(399,67,'umidita','60','1'),(400,67,'umidita','60','1'),(401,67,'pressione','60','1'),(402,67,'pressione','60','1'),(403,68,'temperatura','60','1'),(404,68,'temperatura','60','1'),(405,68,'umidita','60','1'),(406,68,'umidita','60','1'),(407,68,'pressione','60','1'),(408,68,'pressione','60','1'),(409,69,'temperatura','60','1'),(410,69,'temperatura','60','1'),(411,69,'umidita','60','1'),(412,69,'umidita','60','1'),(413,69,'pressione','60','1'),(414,69,'pressione','60','1'),(415,70,'temperatura','60','1'),(416,70,'temperatura','60','1'),(417,70,'umidita','60','1'),(418,70,'umidita','60','1'),(419,70,'pressione','60','1'),(420,70,'pressione','60','1'),(421,71,'temperatura','60','1'),(422,71,'temperatura','60','1'),(423,71,'umidita','60','1'),(424,71,'umidita','60','1'),(425,71,'pressione','60','1'),(426,71,'pressione','60','1'),(427,72,'temperatura','60','1'),(428,72,'temperatura','60','1'),(429,72,'umidita','60','1'),(430,72,'umidita','60','1'),(431,72,'pressione','60','1'),(432,72,'pressione','60','1'),(433,73,'temperatura','60','1'),(434,73,'temperatura','60','1'),(435,73,'umidita','60','1'),(436,73,'umidita','60','1'),(437,73,'pressione','60','1'),(438,73,'pressione','60','1'),(439,74,'temperatura','60','1'),(440,74,'temperatura','60','1'),(441,74,'umidita','60','1'),(442,74,'umidita','60','1'),(443,74,'pressione','60','1'),(444,74,'pressione','60','1'),(445,75,'temperatura','60','1'),(446,75,'temperatura','60','1'),(447,75,'umidita','60','1'),(448,75,'umidita','60','1'),(449,75,'pressione','60','1'),(450,75,'pressione','60','1'),(451,76,'temperatura','60','1'),(452,76,'temperatura','60','1'),(453,76,'umidita','60','1'),(454,76,'umidita','60','1'),(455,76,'pressione','60','1'),(456,76,'pressione','60','1'),(457,77,'temperatura','60','1'),(458,77,'temperatura','60','1'),(459,77,'umidita','60','1'),(460,77,'umidita','60','1'),(461,77,'pressione','60','1'),(462,77,'pressione','60','1'),(463,78,'temperatura','60','1'),(464,78,'temperatura','60','1'),(465,78,'umidita','60','1'),(466,78,'umidita','60','1'),(467,78,'pressione','60','1'),(468,78,'pressione','60','1'),(469,79,'temperatura','60','1'),(470,79,'temperatura','60','1'),(471,79,'umidita','60','1'),(472,79,'umidita','60','1'),(473,79,'pressione','60','1'),(474,79,'pressione','60','1'),(475,80,'temperatura','60','1'),(476,80,'temperatura','60','1'),(477,80,'umidita','60','1'),(478,80,'umidita','60','1'),(479,80,'pressione','60','1'),(480,80,'pressione','60','1'),(481,81,'temperatura','60','1'),(482,81,'temperatura','60','1'),(483,81,'umidita','60','1'),(484,81,'umidita','60','1'),(485,81,'pressione','60','1'),(486,81,'pressione','60','1'),(487,82,'temperatura','60','1'),(488,82,'temperatura','60','1'),(489,82,'umidita','60','1'),(490,82,'umidita','60','1'),(491,82,'pressione','60','1'),(492,82,'pressione','60','1'),(493,83,'temperatura','60','1'),(494,83,'temperatura','60','1'),(495,83,'umidita','60','1'),(496,83,'umidita','60','1'),(497,83,'pressione','60','1'),(498,83,'pressione','60','1'),(499,84,'temperatura','60','1'),(500,84,'temperatura','60','1'),(501,84,'umidita','60','1'),(502,84,'umidita','60','1'),(503,84,'pressione','60','1'),(504,84,'pressione','60','1'),(505,85,'temperatura','60','1'),(506,85,'temperatura','60','1'),(507,85,'umidita','60','1'),(508,85,'umidita','60','1'),(509,85,'pressione','60','1'),(510,85,'pressione','60','1'),(511,86,'temperatura','60','1'),(512,86,'temperatura','60','1'),(513,86,'umidita','60','1'),(514,86,'umidita','60','1'),(515,86,'pressione','60','1'),(516,86,'pressione','60','1'),(517,87,'temperatura','60','1'),(518,87,'temperatura','60','1'),(519,87,'umidita','60','1'),(520,87,'umidita','60','1'),(521,87,'pressione','60','1'),(522,87,'pressione','60','1'),(523,88,'temperatura','60','1'),(524,88,'temperatura','60','1'),(525,88,'umidita','60','1'),(526,88,'umidita','60','1'),(527,88,'pressione','60','1'),(528,88,'pressione','60','1'),(529,89,'temperatura','60','1'),(530,89,'temperatura','60','1'),(531,89,'umidita','60','1'),(532,89,'umidita','60','1'),(533,89,'pressione','60','1'),(534,89,'pressione','60','1'),(535,90,'temperatura','60','1'),(536,90,'temperatura','60','1'),(537,90,'umidita','60','1'),(538,90,'umidita','60','1'),(539,90,'pressione','60','1'),(540,90,'pressione','60','1'),(541,91,'temperatura','60','1'),(542,91,'temperatura','60','1'),(543,91,'umidita','60','1'),(544,91,'umidita','60','1'),(545,91,'pressione','60','1'),(546,91,'pressione','60','1'),(547,92,'temperatura','60','1'),(548,92,'temperatura','60','1'),(549,92,'umidita','60','1'),(550,92,'umidita','60','1'),(551,92,'pressione','60','1'),(552,92,'pressione','60','1'),(553,93,'temperatura','60','1'),(554,93,'temperatura','60','1'),(555,93,'umidita','60','1'),(556,93,'umidita','60','1'),(557,93,'pressione','60','1'),(558,93,'pressione','60','1'),(559,94,'temperatura','60','1'),(560,94,'temperatura','60','1'),(561,94,'umidita','60','1'),(562,94,'umidita','60','1'),(563,94,'pressione','60','1'),(564,94,'pressione','60','1'),(565,95,'temperatura','60','1'),(566,95,'temperatura','60','1'),(567,95,'umidita','60','1'),(568,95,'umidita','60','1'),(569,95,'pressione','60','1'),(570,95,'pressione','60','1'),(571,96,'temperatura','60','1'),(572,96,'temperatura','60','1'),(573,96,'umidita','60','1'),(574,96,'umidita','60','1'),(575,96,'pressione','60','1'),(576,96,'pressione','60','1'),(577,97,'temperatura','60','1'),(578,97,'temperatura','60','1'),(579,97,'umidita','60','1'),(580,97,'umidita','60','1'),(581,97,'pressione','60','1'),(582,97,'pressione','60','1'),(583,98,'temperatura','60','1'),(584,98,'temperatura','60','1'),(585,98,'umidita','60','1'),(586,98,'umidita','60','1'),(587,98,'pressione','60','1'),(588,98,'pressione','60','1'),(589,99,'temperatura','60','1'),(590,99,'temperatura','60','1'),(591,99,'umidita','60','1'),(592,99,'umidita','60','1'),(593,99,'pressione','60','1'),(594,99,'pressione','60','1'),(595,100,'temperatura','60','1'),(596,100,'temperatura','60','1'),(597,100,'umidita','60','1'),(598,100,'umidita','60','1'),(599,100,'pressione','60','1'),(600,100,'pressione','60','1'),(601,101,'temperatura','60','1'),(602,101,'temperatura','60','1'),(603,101,'umidita','60','1'),(604,101,'umidita','60','1'),(605,101,'pressione','60','1'),(606,101,'pressione','60','1'),(607,102,'temperatura','60','1'),(608,102,'temperatura','60','1'),(609,102,'umidita','60','1'),(610,102,'umidita','60','1'),(611,102,'pressione','60','1'),(612,102,'pressione','60','1'),(613,103,'temperatura','60','1'),(614,103,'temperatura','60','1'),(615,103,'umidita','60','1'),(616,103,'umidita','60','1'),(617,103,'pressione','60','1'),(618,103,'pressione','60','1'),(619,104,'temperatura','60','1'),(620,104,'temperatura','60','1'),(621,104,'umidita','60','1'),(622,104,'umidita','60','1'),(623,104,'pressione','60','1'),(624,104,'pressione','60','1'),(625,105,'temperatura','60','1'),(626,105,'temperatura','60','1'),(627,105,'umidita','60','1'),(628,105,'umidita','60','1'),(629,105,'pressione','60','1'),(630,105,'pressione','60','1'),(631,106,'temperatura','60','1'),(632,106,'temperatura','60','1'),(633,106,'umidita','60','1'),(634,106,'umidita','60','1'),(635,106,'pressione','60','1'),(636,106,'pressione','60','1'),(637,107,'temperatura','60','1'),(638,107,'temperatura','60','1'),(639,107,'umidita','60','1'),(640,107,'umidita','60','1'),(641,107,'pressione','60','1'),(642,107,'pressione','60','1'),(643,108,'temperatura','60','1'),(644,108,'temperatura','60','1'),(645,108,'umidita','60','1'),(646,108,'umidita','60','1'),(647,108,'pressione','60','1'),(648,108,'pressione','60','1'),(649,109,'temperatura','60','1'),(650,109,'temperatura','60','1'),(651,109,'umidita','60','1'),(652,109,'umidita','60','1'),(653,109,'pressione','60','1'),(654,109,'pressione','60','1'),(655,110,'temperatura','60','1'),(656,110,'temperatura','60','1'),(657,110,'umidita','60','1'),(658,110,'umidita','60','1'),(659,110,'pressione','60','1'),(660,110,'pressione','60','1'),(661,111,'temperatura','60','1'),(662,111,'temperatura','60','1'),(663,111,'umidita','60','1'),(664,111,'umidita','60','1'),(665,111,'pressione','60','1'),(666,111,'pressione','60','1'),(667,112,'temperatura','60','1'),(668,112,'temperatura','60','1'),(669,112,'umidita','60','1'),(670,112,'umidita','60','1'),(671,112,'pressione','60','1'),(672,112,'pressione','60','1'),(673,113,'temperatura','60','1'),(674,113,'temperatura','60','1'),(675,113,'umidita','60','1'),(676,113,'umidita','60','1'),(677,113,'pressione','60','1'),(678,113,'pressione','60','1'),(679,114,'temperatura','60','1'),(680,114,'temperatura','60','1'),(681,114,'umidita','60','1'),(682,114,'umidita','60','1'),(683,114,'pressione','60','1'),(684,114,'pressione','60','1'),(685,115,'temperatura','60','1'),(686,115,'temperatura','60','1'),(687,115,'umidita','60','1'),(688,115,'umidita','60','1'),(689,115,'pressione','60','1'),(690,115,'pressione','60','1'),(691,116,'temperatura','60','1'),(692,116,'temperatura','60','1'),(693,116,'umidita','60','1'),(694,116,'umidita','60','1'),(695,116,'pressione','60','1'),(696,116,'pressione','60','1'),(697,117,'temperatura','60','1'),(698,117,'temperatura','60','1'),(699,117,'umidita','60','1'),(700,117,'umidita','60','1'),(701,117,'pressione','60','1'),(702,117,'pressione','60','1'),(703,118,'temperatura','60','1'),(704,118,'temperatura','60','1'),(705,118,'umidita','60','1'),(706,118,'umidita','60','1'),(707,118,'pressione','60','1'),(708,118,'pressione','60','1'),(709,119,'temperatura','60','1'),(710,119,'temperatura','60','1'),(711,119,'umidita','60','1'),(712,119,'umidita','60','1'),(713,119,'pressione','60','1'),(714,119,'pressione','60','1'),(715,120,'temperatura','60','1'),(716,120,'temperatura','60','1'),(717,120,'umidita','60','1'),(718,120,'umidita','60','1'),(719,120,'pressione','60','1'),(720,120,'pressione','60','1'),(721,121,'temperatura','60','1'),(722,121,'temperatura','60','1'),(723,121,'umidita','60','1'),(724,121,'umidita','60','1'),(725,121,'pressione','60','1'),(726,121,'pressione','60','1'),(727,122,'temperatura','60','1'),(728,122,'temperatura','60','1'),(729,122,'umidita','60','1'),(730,122,'umidita','60','1'),(731,122,'pressione','60','1'),(732,122,'pressione','60','1'),(733,123,'temperatura','60','1'),(734,123,'temperatura','60','1'),(735,123,'umidita','60','1'),(736,123,'umidita','60','1'),(737,123,'pressione','60','1'),(738,123,'pressione','60','1'),(739,124,'temperatura','60','1'),(740,124,'temperatura','60','1'),(741,124,'umidita','60','1'),(742,124,'umidita','60','1'),(743,124,'pressione','60','1'),(744,124,'pressione','60','1'),(745,125,'temperatura','60','1'),(746,125,'temperatura','60','1'),(747,125,'umidita','60','1'),(748,125,'umidita','60','1'),(749,125,'pressione','60','1'),(750,125,'pressione','60','1'),(751,126,'temperatura','60','1'),(752,126,'temperatura','60','1'),(753,126,'umidita','60','1'),(754,126,'umidita','60','1'),(755,126,'pressione','60','1'),(756,126,'pressione','60','1'),(757,127,'temperatura','60','1'),(758,127,'temperatura','60','1'),(759,127,'umidita','60','1'),(760,127,'umidita','60','1'),(761,127,'pressione','60','1'),(762,127,'pressione','60','1'),(763,128,'temperatura','60','1'),(764,128,'temperatura','60','1'),(765,128,'umidita','60','1'),(766,128,'umidita','60','1'),(767,128,'pressione','60','1'),(768,128,'pressione','60','1'),(769,129,'temperatura','60','1'),(770,129,'temperatura','60','1'),(771,129,'umidita','60','1'),(772,129,'umidita','60','1'),(773,129,'pressione','60','1'),(774,129,'pressione','60','1'),(775,130,'temperatura','60','1'),(776,130,'temperatura','60','1'),(777,130,'umidita','60','1'),(778,130,'umidita','60','1'),(779,130,'pressione','60','1'),(780,130,'pressione','60','1'),(781,131,'temperatura','60','1'),(782,131,'temperatura','60','1'),(783,131,'umidita','60','1'),(784,131,'umidita','60','1'),(785,131,'pressione','60','1'),(786,131,'pressione','60','1'),(787,132,'temperatura','60','1'),(788,132,'temperatura','60','1'),(789,132,'umidita','60','1'),(790,132,'umidita','60','1'),(791,132,'pressione','60','1'),(792,132,'pressione','60','1'),(793,133,'temperatura','60','1'),(794,133,'temperatura','60','1'),(795,133,'umidita','60','1'),(796,133,'umidita','60','1'),(797,133,'pressione','60','1'),(798,133,'pressione','60','1'),(799,134,'temperatura','60','1'),(800,134,'temperatura','60','1'),(801,134,'umidita','60','1'),(802,134,'umidita','60','1'),(803,134,'pressione','60','1'),(804,134,'pressione','60','1'),(805,135,'temperatura','60','1'),(806,135,'temperatura','60','1'),(807,135,'umidita','60','1'),(808,135,'umidita','60','1'),(809,135,'pressione','60','1'),(810,135,'pressione','60','1'),(811,136,'temperatura','60','1'),(812,136,'temperatura','60','1'),(813,136,'umidita','60','1'),(814,136,'umidita','60','1'),(815,136,'pressione','60','1'),(816,136,'pressione','60','1'),(817,137,'temperatura','60','1'),(818,137,'temperatura','60','1'),(819,137,'umidita','60','1'),(820,137,'umidita','60','1'),(821,137,'pressione','60','1'),(822,137,'pressione','60','1'),(823,138,'temperatura','60','1'),(824,138,'temperatura','60','1'),(825,138,'umidita','60','1'),(826,138,'umidita','60','1'),(827,138,'pressione','60','1'),(828,138,'pressione','60','1'),(829,139,'temperatura','60','1'),(830,139,'temperatura','60','1'),(831,139,'umidita','60','1'),(832,139,'umidita','60','1'),(833,139,'pressione','60','1'),(834,139,'pressione','60','1'),(835,140,'temperatura','60','1'),(836,140,'temperatura','60','1'),(837,140,'umidita','60','1'),(838,140,'umidita','60','1'),(839,140,'pressione','60','1'),(840,140,'pressione','60','1'),(841,141,'temperatura','60','1'),(842,141,'temperatura','60','1'),(843,141,'umidita','60','1'),(844,141,'umidita','60','1'),(845,141,'pressione','60','1'),(846,141,'pressione','60','1'),(847,142,'temperatura','60','1'),(848,142,'temperatura','60','1'),(849,142,'umidita','60','1'),(850,142,'umidita','60','1'),(851,142,'pressione','60','1'),(852,142,'pressione','60','1'),(853,143,'temperatura','60','1'),(854,143,'temperatura','60','1'),(855,143,'umidita','60','1'),(856,143,'umidita','60','1'),(857,143,'pressione','60','1'),(858,143,'pressione','60','1'),(859,144,'temperatura','60','1'),(860,144,'temperatura','60','1'),(861,144,'umidita','60','1'),(862,144,'umidita','60','1'),(863,144,'pressione','60','1'),(864,144,'pressione','60','1'),(865,145,'temperatura','60','1'),(866,145,'temperatura','60','1'),(867,145,'umidita','60','1'),(868,145,'umidita','60','1'),(869,145,'pressione','60','1'),(870,145,'pressione','60','1'),(871,146,'temperatura','60','1'),(872,146,'temperatura','60','1'),(873,146,'umidita','60','1'),(874,146,'umidita','60','1'),(875,146,'pressione','60','1'),(876,146,'pressione','60','1'),(877,147,'temperatura','60','1'),(878,147,'temperatura','60','1'),(879,147,'umidita','60','1'),(880,147,'umidita','60','1'),(881,147,'pressione','60','1'),(882,147,'pressione','60','1'),(883,148,'temperatura','60','1'),(884,148,'temperatura','60','1'),(885,148,'umidita','60','1'),(886,148,'umidita','60','1'),(887,148,'pressione','60','1'),(888,148,'pressione','60','1'),(889,149,'temperatura','60','1'),(890,149,'temperatura','60','1'),(891,149,'umidita','60','1'),(892,149,'umidita','60','1'),(893,149,'pressione','60','1'),(894,149,'pressione','60','1'),(895,150,'temperatura','60','1'),(896,150,'temperatura','60','1'),(897,150,'umidita','60','1'),(898,150,'umidita','60','1'),(899,150,'pressione','60','1'),(900,150,'pressione','60','1'),(901,151,'temperatura','60','1'),(902,151,'temperatura','60','1'),(903,151,'umidita','60','1'),(904,151,'umidita','60','1'),(905,151,'pressione','60','1'),(906,151,'pressione','60','1'),(907,152,'temperatura','60','1'),(908,152,'temperatura','60','1'),(909,152,'umidita','60','1'),(910,152,'umidita','60','1'),(911,152,'pressione','60','1'),(912,152,'pressione','60','1'),(913,153,'temperatura','60','1'),(914,153,'temperatura','60','1'),(915,153,'umidita','60','1'),(916,153,'umidita','60','1'),(917,153,'pressione','60','1'),(918,153,'pressione','60','1'),(919,154,'temperatura','60','1'),(920,154,'temperatura','60','1'),(921,154,'umidita','60','1'),(922,154,'umidita','60','1'),(923,154,'pressione','60','1'),(924,154,'pressione','60','1'),(925,155,'temperatura','60','1'),(926,155,'temperatura','60','1'),(927,155,'umidita','60','1'),(928,155,'umidita','60','1'),(929,155,'pressione','60','1'),(930,155,'pressione','60','1'),(931,156,'temperatura','60','1'),(932,156,'temperatura','60','1'),(933,156,'umidita','60','1'),(934,156,'umidita','60','1'),(935,156,'pressione','60','1'),(936,156,'pressione','60','1'),(937,157,'temperatura','60','1'),(938,157,'temperatura','60','1'),(939,157,'umidita','60','1'),(940,157,'umidita','60','1'),(941,157,'pressione','60','1'),(942,157,'pressione','60','1'),(943,158,'temperatura','60','1'),(944,158,'temperatura','60','1'),(945,158,'umidita','60','1'),(946,158,'umidita','60','1'),(947,158,'pressione','60','1'),(948,158,'pressione','60','1'),(949,159,'temperatura','60','1'),(950,159,'temperatura','60','1'),(951,159,'umidita','60','1'),(952,159,'umidita','60','1'),(953,159,'pressione','60','1'),(954,159,'pressione','60','1'),(955,160,'temperatura','60','1'),(956,160,'temperatura','60','1'),(957,160,'umidita','60','1'),(958,160,'umidita','60','1'),(959,160,'pressione','60','1'),(960,160,'pressione','60','1'),(961,161,'temperatura','60','1'),(962,161,'temperatura','60','1'),(963,161,'umidita','60','1'),(964,161,'umidita','60','1'),(965,161,'pressione','60','1'),(966,161,'pressione','60','1'),(967,162,'temperatura','60','1'),(968,162,'temperatura','60','1'),(969,162,'umidita','60','1'),(970,162,'umidita','60','1'),(971,162,'pressione','60','1'),(972,162,'pressione','60','1'),(973,163,'temperatura','60','1'),(974,163,'temperatura','60','1'),(975,163,'umidita','60','1'),(976,163,'umidita','60','1'),(977,163,'pressione','60','1'),(978,163,'pressione','60','1'),(979,164,'temperatura','60','1'),(980,164,'temperatura','60','1'),(981,164,'umidita','60','1'),(982,164,'umidita','60','1'),(983,164,'pressione','60','1'),(984,164,'pressione','60','1'),(985,165,'temperatura','60','1'),(986,165,'temperatura','60','1'),(987,165,'umidita','60','1'),(988,165,'umidita','60','1'),(989,165,'pressione','60','1'),(990,165,'pressione','60','1'),(991,166,'temperatura','60','1'),(992,166,'temperatura','60','1'),(993,166,'umidita','60','1'),(994,166,'umidita','60','1'),(995,166,'pressione','60','1'),(996,166,'pressione','60','1'),(997,167,'temperatura','60','1'),(998,167,'temperatura','60','1'),(999,167,'umidita','60','1'),(1000,167,'umidita','60','1'),(1001,167,'pressione','60','1'),(1002,167,'pressione','60','1'),(1003,168,'temperatura','60','1'),(1004,168,'temperatura','60','1'),(1005,168,'umidita','60','1'),(1006,168,'umidita','60','1'),(1007,168,'pressione','60','1'),(1008,168,'pressione','60','1'),(1009,169,'temperatura','60','1'),(1010,169,'temperatura','60','1'),(1011,169,'umidita','60','1'),(1012,169,'umidita','60','1'),(1013,169,'pressione','60','1'),(1014,169,'pressione','60','1'),(1015,170,'temperatura','60','1'),(1016,170,'temperatura','60','1'),(1017,170,'umidita','60','1'),(1018,170,'umidita','60','1'),(1019,170,'pressione','60','1'),(1020,170,'pressione','60','1'),(1021,171,'temperatura','60','1'),(1022,171,'temperatura','60','1'),(1023,171,'umidita','60','1'),(1024,171,'umidita','60','1'),(1025,171,'pressione','60','1'),(1026,171,'pressione','60','1'),(1027,172,'temperatura','60','1'),(1028,172,'temperatura','60','1'),(1029,172,'umidita','60','1'),(1030,172,'umidita','60','1'),(1031,172,'pressione','60','1'),(1032,172,'pressione','60','1'),(1033,173,'temperatura','60','1'),(1034,173,'temperatura','60','1'),(1035,173,'umidita','60','1'),(1036,173,'umidita','60','1'),(1037,173,'pressione','60','1'),(1038,173,'pressione','60','1'),(1039,174,'temperatura','60','1'),(1040,174,'temperatura','60','1'),(1041,174,'umidita','60','1'),(1042,174,'umidita','60','1'),(1043,174,'pressione','60','1'),(1044,174,'pressione','60','1'),(1045,175,'temperatura','60','1'),(1046,175,'temperatura','60','1'),(1047,175,'umidita','60','1'),(1048,175,'umidita','60','1'),(1049,175,'pressione','60','1'),(1050,175,'pressione','60','1'),(1051,176,'temperatura','60','1'),(1052,176,'temperatura','60','1'),(1053,176,'umidita','60','1'),(1054,176,'umidita','60','1'),(1055,176,'pressione','60','1'),(1056,176,'pressione','60','1'),(1057,177,'temperatura','60','1'),(1058,177,'temperatura','60','1'),(1059,177,'umidita','60','1'),(1060,177,'umidita','60','1'),(1061,177,'pressione','60','1'),(1062,177,'pressione','60','1'),(1063,178,'temperatura','60','1'),(1064,178,'temperatura','60','1'),(1065,178,'umidita','60','1'),(1066,178,'umidita','60','1'),(1067,178,'pressione','60','1'),(1068,178,'pressione','60','1'),(1069,179,'temperatura','60','1'),(1070,179,'temperatura','60','1'),(1071,179,'umidita','60','1'),(1072,179,'umidita','60','1'),(1073,179,'pressione','60','1'),(1074,179,'pressione','60','1'),(1075,180,'temperatura','60','1'),(1076,180,'temperatura','60','1'),(1077,180,'umidita','60','1'),(1078,180,'umidita','60','1'),(1079,180,'pressione','60','1'),(1080,180,'pressione','60','1'),(1081,181,'temperatura','60','1'),(1082,181,'temperatura','60','1'),(1083,181,'umidita','60','1'),(1084,181,'umidita','60','1'),(1085,181,'pressione','60','1'),(1086,181,'pressione','60','1'),(1087,182,'temperatura','60','1'),(1088,182,'temperatura','60','1'),(1089,182,'umidita','60','1'),(1090,182,'umidita','60','1'),(1091,182,'pressione','60','1'),(1092,182,'pressione','60','1'),(1093,183,'temperatura','60','1'),(1094,183,'temperatura','60','1'),(1095,183,'umidita','60','1'),(1096,183,'umidita','60','1'),(1097,183,'pressione','60','1'),(1098,183,'pressione','60','1'),(1099,184,'temperatura','60','1'),(1100,184,'temperatura','60','1'),(1101,184,'umidita','60','1'),(1102,184,'umidita','60','1'),(1103,184,'pressione','60','1'),(1104,184,'pressione','60','1'),(1105,185,'temperatura','60','1'),(1106,185,'temperatura','60','1'),(1107,185,'umidita','60','1'),(1108,185,'umidita','60','1'),(1109,185,'pressione','60','1'),(1110,185,'pressione','60','1'),(1111,186,'temperatura','60','1'),(1112,186,'temperatura','60','1'),(1113,186,'umidita','60','1'),(1114,186,'umidita','60','1'),(1115,186,'pressione','60','1'),(1116,186,'pressione','60','1'),(1117,187,'temperatura','60','1'),(1118,187,'temperatura','60','1'),(1119,187,'umidita','60','1'),(1120,187,'umidita','60','1'),(1121,187,'pressione','60','1'),(1122,187,'pressione','60','1'),(1123,188,'temperatura','60','1'),(1124,188,'temperatura','60','1'),(1125,188,'umidita','60','1'),(1126,188,'umidita','60','1'),(1127,188,'pressione','60','1'),(1128,188,'pressione','60','1'),(1129,189,'temperatura','60','1'),(1130,189,'temperatura','60','1'),(1131,189,'umidita','60','1'),(1132,189,'umidita','60','1'),(1133,189,'pressione','60','1'),(1134,189,'pressione','60','1'),(1135,190,'temperatura','60','1'),(1136,190,'temperatura','60','1'),(1137,190,'umidita','60','1'),(1138,190,'umidita','60','1'),(1139,190,'pressione','60','1'),(1140,190,'pressione','60','1'),(1141,191,'temperatura','60','1'),(1142,191,'temperatura','60','1'),(1143,191,'umidita','60','1'),(1144,191,'umidita','60','1'),(1145,191,'pressione','60','1'),(1146,191,'pressione','60','1'),(1147,192,'temperatura','60','1'),(1148,192,'temperatura','60','1'),(1149,192,'umidita','60','1'),(1150,192,'umidita','60','1'),(1151,192,'pressione','60','1'),(1152,192,'pressione','60','1'),(1153,193,'temperatura','60','1'),(1154,193,'temperatura','60','1'),(1155,193,'umidita','60','1'),(1156,193,'umidita','60','1'),(1157,193,'pressione','60','1'),(1158,193,'pressione','60','1'),(1159,194,'temperatura','60','1'),(1160,194,'temperatura','60','1'),(1161,194,'umidita','60','1'),(1162,194,'umidita','60','1'),(1163,194,'pressione','60','1'),(1164,194,'pressione','60','1'),(1165,195,'temperatura','60','1'),(1166,195,'temperatura','60','1'),(1167,195,'umidita','60','1'),(1168,195,'umidita','60','1'),(1169,195,'pressione','60','1'),(1170,195,'pressione','60','1'),(1171,196,'temperatura','60','1'),(1172,196,'temperatura','60','1'),(1173,196,'umidita','60','1'),(1174,196,'umidita','60','1'),(1175,196,'pressione','60','1'),(1176,196,'pressione','60','1'),(1177,197,'temperatura','60','1'),(1178,197,'temperatura','60','1'),(1179,197,'umidita','60','1'),(1180,197,'umidita','60','1'),(1181,197,'pressione','60','1'),(1182,197,'pressione','60','1'),(1183,198,'temperatura','60','1'),(1184,198,'temperatura','60','1'),(1185,198,'umidita','60','1'),(1186,198,'umidita','60','1'),(1187,198,'pressione','60','1'),(1188,198,'pressione','60','1'),(1189,199,'temperatura','60','1'),(1190,199,'temperatura','60','1'),(1191,199,'umidita','60','1'),(1192,199,'umidita','60','1'),(1193,199,'pressione','60','1'),(1194,199,'pressione','60','1'),(1195,200,'temperatura','60','1'),(1196,200,'temperatura','60','1'),(1197,200,'umidita','60','1'),(1198,200,'umidita','60','1'),(1199,200,'pressione','60','1'),(1200,200,'pressione','60','1'),(1201,201,'temperatura','60','1'),(1202,201,'temperatura','60','1'),(1203,201,'umidita','60','1'),(1204,201,'umidita','60','1'),(1205,201,'pressione','60','1'),(1206,201,'pressione','60','1'),(1207,202,'temperatura','60','1'),(1208,202,'temperatura','60','1'),(1209,202,'umidita','60','1'),(1210,202,'umidita','60','1'),(1211,202,'pressione','60','1'),(1212,202,'pressione','60','1'),(1213,203,'temperatura','60','1'),(1214,203,'temperatura','60','1'),(1215,203,'umidita','60','1'),(1216,203,'umidita','60','1'),(1217,203,'pressione','60','1'),(1218,203,'pressione','60','1'),(1219,204,'temperatura','60','1'),(1220,204,'temperatura','60','1'),(1221,204,'umidita','60','1'),(1222,204,'umidita','60','1'),(1223,204,'pressione','60','1'),(1224,204,'pressione','60','1'),(1225,205,'temperatura','60','1'),(1226,205,'temperatura','60','1'),(1227,205,'umidita','60','1'),(1228,205,'umidita','60','1'),(1229,205,'pressione','60','1'),(1230,205,'pressione','60','1'),(1231,206,'temperatura','60','1'),(1232,206,'temperatura','60','1'),(1233,206,'umidita','60','1'),(1234,206,'umidita','60','1'),(1235,206,'pressione','60','1'),(1236,206,'pressione','60','1'),(1237,207,'temperatura','60','1'),(1238,207,'temperatura','60','1'),(1239,207,'umidita','60','1'),(1240,207,'umidita','60','1'),(1241,207,'pressione','60','1'),(1242,207,'pressione','60','1'),(1243,208,'temperatura','60','1'),(1244,208,'temperatura','60','1'),(1245,208,'umidita','60','1'),(1246,208,'umidita','60','1'),(1247,208,'pressione','60','1'),(1248,208,'pressione','60','1'),(1249,209,'temperatura','60','1'),(1250,209,'temperatura','60','1'),(1251,209,'umidita','60','1'),(1252,209,'umidita','60','1'),(1253,209,'pressione','60','1'),(1254,209,'pressione','60','1'),(1255,210,'temperatura','60','1'),(1256,210,'temperatura','60','1'),(1257,210,'umidita','60','1'),(1258,210,'umidita','60','1'),(1259,210,'pressione','60','1'),(1260,210,'pressione','60','1'),(1261,211,'temperatura','60','1'),(1262,211,'temperatura','60','1'),(1263,211,'umidita','60','1'),(1264,211,'umidita','60','1'),(1265,211,'pressione','60','1'),(1266,211,'pressione','60','1'),(1267,212,'temperatura','60','1'),(1268,212,'temperatura','60','1'),(1269,212,'umidita','60','1'),(1270,212,'umidita','60','1'),(1271,212,'pressione','60','1'),(1272,212,'pressione','60','1'),(1273,213,'temperatura','60','1'),(1274,213,'temperatura','60','1'),(1275,213,'umidita','60','1'),(1276,213,'umidita','60','1'),(1277,213,'pressione','60','1'),(1278,213,'pressione','60','1'),(1279,214,'temperatura','60','1'),(1280,214,'temperatura','60','1'),(1281,214,'umidita','60','1'),(1282,214,'umidita','60','1'),(1283,214,'pressione','60','1'),(1284,214,'pressione','60','1'),(1285,215,'temperatura','60','1'),(1286,215,'temperatura','60','1'),(1287,215,'umidita','60','1'),(1288,215,'umidita','60','1'),(1289,215,'pressione','60','1'),(1290,215,'pressione','60','1'),(1291,216,'temperatura','60','1'),(1292,216,'temperatura','60','1'),(1293,216,'umidita','60','1'),(1294,216,'umidita','60','1'),(1295,216,'pressione','60','1'),(1296,216,'pressione','60','1'),(1297,217,'temperatura','60','1'),(1298,217,'temperatura','60','1'),(1299,217,'umidita','60','1'),(1300,217,'umidita','60','1'),(1301,217,'pressione','60','1'),(1302,217,'pressione','60','1'),(1303,218,'temperatura','60','1'),(1304,218,'temperatura','60','1'),(1305,218,'umidita','60','1'),(1306,218,'umidita','60','1'),(1307,218,'pressione','60','1'),(1308,218,'pressione','60','1'),(1309,219,'temperatura','60','1'),(1310,219,'temperatura','60','1'),(1311,219,'umidita','60','1'),(1312,219,'umidita','60','1'),(1313,219,'pressione','60','1'),(1314,219,'pressione','60','1'),(1315,220,'temperatura','60','1'),(1316,220,'temperatura','60','1'),(1317,220,'umidita','60','1'),(1318,220,'umidita','60','1'),(1319,220,'pressione','60','1'),(1320,220,'pressione','60','1'),(1321,221,'temperatura','60','1'),(1322,221,'temperatura','60','1'),(1323,221,'umidita','60','1'),(1324,221,'umidita','60','1'),(1325,221,'pressione','60','1'),(1326,221,'pressione','60','1'),(1327,222,'temperatura','60','1'),(1328,222,'temperatura','60','1'),(1329,222,'umidita','60','1'),(1330,222,'umidita','60','1'),(1331,222,'pressione','60','1'),(1332,222,'pressione','60','1'),(1333,223,'temperatura','60','1'),(1334,223,'temperatura','60','1'),(1335,223,'umidita','60','1'),(1336,223,'umidita','60','1'),(1337,223,'pressione','60','1'),(1338,223,'pressione','60','1'),(1339,224,'temperatura','60','1'),(1340,224,'temperatura','60','1'),(1341,224,'umidita','60','1'),(1342,224,'umidita','60','1'),(1343,224,'pressione','60','1'),(1344,224,'pressione','60','1'),(1345,225,'temperatura','60','1'),(1346,225,'temperatura','60','1'),(1347,225,'umidita','60','1'),(1348,225,'umidita','60','1'),(1349,225,'pressione','60','1'),(1350,225,'pressione','60','1'),(1351,226,'temperatura','60','1'),(1352,226,'temperatura','60','1'),(1353,226,'umidita','60','1'),(1354,226,'umidita','60','1'),(1355,226,'pressione','60','1'),(1356,226,'pressione','60','1'),(1357,227,'temperatura','60','1'),(1358,227,'temperatura','60','1'),(1359,227,'umidita','60','1'),(1360,227,'umidita','60','1'),(1361,227,'pressione','60','1'),(1362,227,'pressione','60','1'),(1363,228,'temperatura','60','1'),(1364,228,'temperatura','60','1'),(1365,228,'umidita','60','1'),(1366,228,'umidita','60','1'),(1367,228,'pressione','60','1'),(1368,228,'pressione','60','1'),(1369,229,'temperatura','60','1'),(1370,229,'temperatura','60','1'),(1371,229,'umidita','60','1'),(1372,229,'umidita','60','1'),(1373,229,'pressione','60','1'),(1374,229,'pressione','60','1'),(1375,230,'temperatura','60','1'),(1376,230,'temperatura','60','1'),(1377,230,'umidita','60','1'),(1378,230,'umidita','60','1'),(1379,230,'pressione','60','1'),(1380,230,'pressione','60','1'),(1381,231,'temperatura','60','1'),(1382,231,'temperatura','60','1'),(1383,231,'umidita','60','1'),(1384,231,'umidita','60','1'),(1385,231,'pressione','60','1'),(1386,231,'pressione','60','1'),(1387,232,'temperatura','60','1'),(1388,232,'temperatura','60','1'),(1389,232,'umidita','60','1'),(1390,232,'umidita','60','1'),(1391,232,'pressione','60','1'),(1392,232,'pressione','60','1'),(1393,233,'temperatura','60','1'),(1394,233,'temperatura','60','1'),(1395,233,'umidita','60','1'),(1396,233,'umidita','60','1'),(1397,233,'pressione','60','1'),(1398,233,'pressione','60','1'),(1399,234,'temperatura','60','1'),(1400,234,'temperatura','60','1'),(1401,234,'umidita','60','1'),(1402,234,'umidita','60','1'),(1403,234,'pressione','60','1'),(1404,234,'pressione','60','1'),(1405,235,'temperatura','60','1'),(1406,235,'temperatura','60','1'),(1407,235,'umidita','60','1'),(1408,235,'umidita','60','1'),(1409,235,'pressione','60','1'),(1410,235,'pressione','60','1'),(1411,236,'temperatura','60','1'),(1412,236,'temperatura','60','1'),(1413,236,'umidita','60','1'),(1414,236,'umidita','60','1'),(1415,236,'pressione','60','1'),(1416,236,'pressione','60','1'),(1417,237,'temperatura','60','1'),(1418,237,'temperatura','60','1'),(1419,237,'umidita','60','1'),(1420,237,'umidita','60','1'),(1421,237,'pressione','60','1'),(1422,237,'pressione','60','1'),(1423,238,'temperatura','60','1'),(1424,238,'temperatura','60','1'),(1425,238,'umidita','60','1'),(1426,238,'umidita','60','1'),(1427,238,'pressione','60','1'),(1428,238,'pressione','60','1'),(1429,239,'temperatura','60','1'),(1430,239,'temperatura','60','1'),(1431,239,'umidita','60','1'),(1432,239,'umidita','60','1'),(1433,239,'pressione','60','1'),(1434,239,'pressione','60','1'),(1435,240,'temperatura','60','1'),(1436,240,'temperatura','60','1'),(1437,240,'umidita','60','1'),(1438,240,'umidita','60','1'),(1439,240,'pressione','60','1'),(1440,240,'pressione','60','1'),(1441,241,'temperatura','60','1'),(1442,241,'temperatura','60','1'),(1443,241,'umidita','60','1'),(1444,241,'umidita','60','1'),(1445,241,'pressione','60','1'),(1446,241,'pressione','60','1'),(1447,242,'temperatura','60','1'),(1448,242,'temperatura','60','1'),(1449,242,'umidita','60','1'),(1450,242,'umidita','60','1'),(1451,242,'pressione','60','1'),(1452,242,'pressione','60','1'),(1453,243,'temperatura','60','1'),(1454,243,'temperatura','60','1'),(1455,243,'umidita','60','1'),(1456,243,'umidita','60','1'),(1457,243,'pressione','60','1'),(1458,243,'pressione','60','1'),(1459,244,'temperatura','60','1'),(1460,244,'temperatura','60','1'),(1461,244,'umidita','60','1'),(1462,244,'umidita','60','1'),(1463,244,'pressione','60','1'),(1464,244,'pressione','60','1'),(1465,245,'temperatura','60','1'),(1466,245,'temperatura','60','1'),(1467,245,'umidita','60','1'),(1468,245,'umidita','60','1'),(1469,245,'pressione','60','1'),(1470,245,'pressione','60','1'),(1471,246,'temperatura','60','1'),(1472,246,'temperatura','60','1'),(1473,246,'umidita','60','1'),(1474,246,'umidita','60','1'),(1475,246,'pressione','60','1'),(1476,246,'pressione','60','1'),(1477,247,'temperatura','60','1'),(1478,247,'temperatura','60','1'),(1479,247,'umidita','60','1'),(1480,247,'umidita','60','1'),(1481,247,'pressione','60','1'),(1482,247,'pressione','60','1'),(1483,248,'temperatura','60','1'),(1484,248,'temperatura','60','1'),(1485,248,'umidita','60','1'),(1486,248,'umidita','60','1'),(1487,248,'pressione','60','1'),(1488,248,'pressione','60','1'),(1489,249,'temperatura','60','1'),(1490,249,'temperatura','60','1'),(1491,249,'umidita','60','1'),(1492,249,'umidita','60','1'),(1493,249,'pressione','60','1'),(1494,249,'pressione','60','1'),(1495,250,'temperatura','60','1'),(1496,250,'temperatura','60','1'),(1497,250,'umidita','60','1'),(1498,250,'umidita','60','1'),(1499,250,'pressione','60','1'),(1500,250,'pressione','60','1'),(1501,251,'temperatura','60','1'),(1502,251,'temperatura','60','1'),(1503,251,'umidita','60','1'),(1504,251,'umidita','60','1'),(1505,251,'pressione','60','1'),(1506,251,'pressione','60','1'),(1507,252,'temperatura','60','1'),(1508,252,'temperatura','60','1'),(1509,252,'umidita','60','1'),(1510,252,'umidita','60','1'),(1511,252,'pressione','60','1'),(1512,252,'pressione','60','1'),(1513,253,'temperatura','60','1'),(1514,253,'temperatura','60','1'),(1515,253,'umidita','60','1'),(1516,253,'umidita','60','1'),(1517,253,'pressione','60','1'),(1518,253,'pressione','60','1'),(1519,254,'temperatura','60','1'),(1520,254,'temperatura','60','1'),(1521,254,'umidita','60','1'),(1522,254,'umidita','60','1'),(1523,254,'pressione','60','1'),(1524,254,'pressione','60','1'),(1525,255,'temperatura','60','1'),(1526,255,'temperatura','60','1'),(1527,255,'umidita','60','1'),(1528,255,'umidita','60','1'),(1529,255,'pressione','60','1'),(1530,255,'pressione','60','1'),(1531,256,'temperatura','60','1'),(1532,256,'temperatura','60','1'),(1533,256,'umidita','60','1'),(1534,256,'umidita','60','1'),(1535,256,'pressione','60','1'),(1536,256,'pressione','60','1'),(1537,257,'temperatura','60','1'),(1538,257,'temperatura','60','1'),(1539,257,'umidita','60','1'),(1540,257,'umidita','60','1'),(1541,257,'pressione','60','1'),(1542,257,'pressione','60','1'),(1543,258,'temperatura','60','1'),(1544,258,'temperatura','60','1'),(1545,258,'umidita','60','1'),(1546,258,'umidita','60','1'),(1547,258,'pressione','60','1'),(1548,258,'pressione','60','1'),(1549,259,'temperatura','60','1'),(1550,259,'temperatura','60','1'),(1551,259,'umidita','60','1'),(1552,259,'umidita','60','1'),(1553,259,'pressione','60','1'),(1554,259,'pressione','60','1'),(1555,260,'temperatura','60','1'),(1556,260,'temperatura','60','1'),(1557,260,'umidita','60','1'),(1558,260,'umidita','60','1'),(1559,260,'pressione','60','1'),(1560,260,'pressione','60','1'),(1561,261,'temperatura','60','1'),(1562,261,'temperatura','60','1'),(1563,261,'umidita','60','1'),(1564,261,'umidita','60','1'),(1565,261,'pressione','60','1'),(1566,261,'pressione','60','1'),(1567,262,'temperatura','60','1'),(1568,262,'temperatura','60','1'),(1569,262,'umidita','60','1'),(1570,262,'umidita','60','1'),(1571,262,'pressione','60','1'),(1572,262,'pressione','60','1'),(1573,263,'temperatura','60','1'),(1574,263,'temperatura','60','1'),(1575,263,'umidita','60','1'),(1576,263,'umidita','60','1'),(1577,263,'pressione','60','1'),(1578,263,'pressione','60','1'),(1579,264,'temperatura','60','1'),(1580,264,'temperatura','60','1'),(1581,264,'umidita','60','1'),(1582,264,'umidita','60','1'),(1583,264,'pressione','60','1'),(1584,264,'pressione','60','1'),(1585,265,'temperatura','60','1'),(1586,265,'temperatura','60','1'),(1587,265,'umidita','60','1'),(1588,265,'umidita','60','1'),(1589,265,'pressione','60','1'),(1590,265,'pressione','60','1'),(1591,266,'temperatura','60','1'),(1592,266,'temperatura','60','1'),(1593,266,'umidita','60','1'),(1594,266,'umidita','60','1'),(1595,266,'pressione','60','1'),(1596,266,'pressione','60','1'),(1597,267,'temperatura','60','1'),(1598,267,'temperatura','60','1'),(1599,267,'umidita','60','1'),(1600,267,'umidita','60','1'),(1601,267,'pressione','60','1'),(1602,267,'pressione','60','1'),(1603,268,'temperatura','60','1'),(1604,268,'temperatura','60','1'),(1605,268,'umidita','60','1'),(1606,268,'umidita','60','1'),(1607,268,'pressione','60','1'),(1608,268,'pressione','60','1'),(1609,269,'temperatura','60','1'),(1610,269,'temperatura','60','1'),(1611,269,'umidita','60','1'),(1612,269,'umidita','60','1'),(1613,269,'pressione','60','1'),(1614,269,'pressione','60','1'),(1615,270,'temperatura','60','1'),(1616,270,'temperatura','60','1'),(1617,270,'umidita','60','1'),(1618,270,'umidita','60','1'),(1619,270,'pressione','60','1'),(1620,270,'pressione','60','1'),(1621,271,'temperatura','60','1'),(1622,271,'temperatura','60','1'),(1623,271,'umidita','60','1'),(1624,271,'umidita','60','1'),(1625,271,'pressione','60','1'),(1626,271,'pressione','60','1'),(1627,272,'temperatura','60','1'),(1628,272,'temperatura','60','1'),(1629,272,'umidita','60','1'),(1630,272,'umidita','60','1'),(1631,272,'pressione','60','1'),(1632,272,'pressione','60','1'),(1633,273,'temperatura','60','1'),(1634,273,'temperatura','60','1'),(1635,273,'umidita','60','1'),(1636,273,'umidita','60','1'),(1637,273,'pressione','60','1'),(1638,273,'pressione','60','1'),(1639,274,'temperatura','60','1'),(1640,274,'temperatura','60','1'),(1641,274,'umidita','60','1'),(1642,274,'umidita','60','1'),(1643,274,'pressione','60','1'),(1644,274,'pressione','60','1'),(1645,275,'temperatura','60','1'),(1646,275,'temperatura','60','1'),(1647,275,'umidita','60','1'),(1648,275,'umidita','60','1'),(1649,275,'pressione','60','1'),(1650,275,'pressione','60','1'),(1651,276,'temperatura','60','1'),(1652,276,'temperatura','60','1'),(1653,276,'umidita','60','1'),(1654,276,'umidita','60','1'),(1655,276,'pressione','60','1'),(1656,276,'pressione','60','1'),(1657,277,'temperatura','60','1'),(1658,277,'temperatura','60','1'),(1659,277,'umidita','60','1'),(1660,277,'umidita','60','1'),(1661,277,'pressione','60','1'),(1662,277,'pressione','60','1'),(1663,278,'temperatura','60','1'),(1664,278,'temperatura','60','1'),(1665,278,'umidita','60','1'),(1666,278,'umidita','60','1'),(1667,278,'pressione','60','1'),(1668,278,'pressione','60','1'),(1669,279,'temperatura','60','1'),(1670,279,'temperatura','60','1'),(1671,279,'umidita','60','1'),(1672,279,'umidita','60','1'),(1673,279,'pressione','60','1'),(1674,279,'pressione','60','1'),(1675,280,'temperatura','60','1'),(1676,280,'temperatura','60','1'),(1677,280,'umidita','60','1'),(1678,280,'umidita','60','1'),(1679,280,'pressione','60','1'),(1680,280,'pressione','60','1'),(1681,281,'temperatura','60','1'),(1682,281,'temperatura','60','1'),(1683,281,'umidita','60','1'),(1684,281,'umidita','60','1'),(1685,281,'pressione','60','1'),(1686,281,'pressione','60','1'),(1687,282,'temperatura','60','1'),(1688,282,'temperatura','60','1'),(1689,282,'umidita','60','1'),(1690,282,'umidita','60','1'),(1691,282,'pressione','60','1'),(1692,282,'pressione','60','1'),(1693,283,'temperatura','60','1'),(1694,283,'temperatura','60','1'),(1695,283,'umidita','60','1'),(1696,283,'umidita','60','1'),(1697,283,'pressione','60','1'),(1698,283,'pressione','60','1'),(1699,284,'temperatura','60','1'),(1700,284,'temperatura','60','1'),(1701,284,'umidita','60','1'),(1702,284,'umidita','60','1'),(1703,284,'pressione','60','1'),(1704,284,'pressione','60','1'),(1705,285,'temperatura','60','1'),(1706,285,'temperatura','60','1'),(1707,285,'umidita','60','1'),(1708,285,'umidita','60','1'),(1709,285,'pressione','60','1'),(1710,285,'pressione','60','1'),(1711,286,'temperatura','60','1'),(1712,286,'temperatura','60','1'),(1713,286,'umidita','60','1'),(1714,286,'umidita','60','1'),(1715,286,'pressione','60','1'),(1716,286,'pressione','60','1'),(1717,287,'temperatura','60','1'),(1718,287,'temperatura','60','1'),(1719,287,'umidita','60','1'),(1720,287,'umidita','60','1'),(1721,287,'pressione','60','1'),(1722,287,'pressione','60','1'),(1723,288,'temperatura','60','1'),(1724,288,'temperatura','60','1'),(1725,288,'umidita','60','1'),(1726,288,'umidita','60','1'),(1727,288,'pressione','60','1'),(1728,288,'pressione','60','1'),(1729,289,'temperatura','60','1'),(1730,289,'temperatura','60','1'),(1731,289,'umidita','60','1'),(1732,289,'umidita','60','1'),(1733,289,'pressione','60','1'),(1734,289,'pressione','60','1'),(1735,290,'temperatura','60','1'),(1736,290,'temperatura','60','1'),(1737,290,'umidita','60','1'),(1738,290,'umidita','60','1'),(1739,290,'pressione','60','1'),(1740,290,'pressione','60','1'),(1741,291,'temperatura','60','1'),(1742,291,'temperatura','60','1'),(1743,291,'umidita','60','1'),(1744,291,'umidita','60','1'),(1745,291,'pressione','60','1'),(1746,291,'pressione','60','1'),(1747,292,'temperatura','60','1'),(1748,292,'temperatura','60','1'),(1749,292,'umidita','60','1'),(1750,292,'umidita','60','1'),(1751,292,'pressione','60','1'),(1752,292,'pressione','60','1'),(1753,293,'temperatura','60','1'),(1754,293,'temperatura','60','1'),(1755,293,'umidita','60','1'),(1756,293,'umidita','60','1'),(1757,293,'pressione','60','1'),(1758,293,'pressione','60','1'),(1759,294,'temperatura','60','1'),(1760,294,'temperatura','60','1'),(1761,294,'umidita','60','1'),(1762,294,'umidita','60','1'),(1763,294,'pressione','60','1'),(1764,294,'pressione','60','1'),(1765,295,'temperatura','60','1'),(1766,295,'temperatura','60','1'),(1767,295,'umidita','60','1'),(1768,295,'umidita','60','1'),(1769,295,'pressione','60','1'),(1770,295,'pressione','60','1'),(1771,296,'temperatura','60','1'),(1772,296,'temperatura','60','1'),(1773,296,'umidita','60','1'),(1774,296,'umidita','60','1'),(1775,296,'pressione','60','1'),(1776,296,'pressione','60','1'),(1777,297,'temperatura','60','1'),(1778,297,'temperatura','60','1'),(1779,297,'umidita','60','1'),(1780,297,'umidita','60','1'),(1781,297,'pressione','60','1'),(1782,297,'pressione','60','1'),(1783,298,'temperatura','60','1'),(1784,298,'temperatura','60','1'),(1785,298,'umidita','60','1'),(1786,298,'umidita','60','1'),(1787,298,'pressione','60','1'),(1788,298,'pressione','60','1'),(1789,299,'temperatura','60','1'),(1790,299,'temperatura','60','1'),(1791,299,'umidita','60','1'),(1792,299,'umidita','60','1'),(1793,299,'pressione','60','1'),(1794,299,'pressione','60','1'),(1795,300,'temperatura','60','1'),(1796,300,'temperatura','60','1'),(1797,300,'umidita','60','1'),(1798,300,'umidita','60','1'),(1799,300,'pressione','60','1'),(1800,300,'pressione','60','1'),(1801,301,'temperatura','60','1'),(1802,301,'temperatura','60','1'),(1803,301,'umidita','60','1'),(1804,301,'umidita','60','1'),(1805,301,'pressione','60','1'),(1806,301,'pressione','60','1'),(1807,302,'temperatura','60','1'),(1808,302,'temperatura','60','1'),(1809,302,'umidita','60','1'),(1810,302,'umidita','60','1'),(1811,302,'pressione','60','1'),(1812,302,'pressione','60','1'),(1813,303,'temperatura','60','1'),(1814,303,'temperatura','60','1'),(1815,303,'umidita','60','1'),(1816,303,'umidita','60','1'),(1817,303,'pressione','60','1'),(1818,303,'pressione','60','1'),(1819,304,'temperatura','60','1'),(1820,304,'temperatura','60','1'),(1821,304,'umidita','60','1'),(1822,304,'umidita','60','1'),(1823,304,'pressione','60','1'),(1824,304,'pressione','60','1'),(1825,305,'temperatura','60','1'),(1826,305,'temperatura','60','1'),(1827,305,'umidita','60','1'),(1828,305,'umidita','60','1'),(1829,305,'pressione','60','1'),(1830,305,'pressione','60','1'),(1831,306,'temperatura','60','1'),(1832,306,'temperatura','60','1'),(1833,306,'umidita','60','1'),(1834,306,'umidita','60','1'),(1835,306,'pressione','60','1'),(1836,306,'pressione','60','1'),(1837,307,'temperatura','60','1'),(1838,307,'temperatura','60','1'),(1839,307,'umidita','60','1'),(1840,307,'umidita','60','1'),(1841,307,'pressione','60','1'),(1842,307,'pressione','60','1'),(1843,308,'temperatura','60','1'),(1844,308,'temperatura','60','1'),(1845,308,'umidita','60','1'),(1846,308,'umidita','60','1'),(1847,308,'pressione','60','1'),(1848,308,'pressione','60','1'),(1849,309,'temperatura','60','1'),(1850,309,'temperatura','60','1'),(1851,309,'umidita','60','1'),(1852,309,'umidita','60','1'),(1853,309,'pressione','60','1'),(1854,309,'pressione','60','1'),(1855,310,'temperatura','60','1'),(1856,310,'temperatura','60','1'),(1857,310,'umidita','60','1'),(1858,310,'umidita','60','1'),(1859,310,'pressione','60','1'),(1860,310,'pressione','60','1'),(1861,311,'temperatura','60','1'),(1862,311,'temperatura','60','1'),(1863,311,'umidita','60','1'),(1864,311,'umidita','60','1'),(1865,311,'pressione','60','1'),(1866,311,'pressione','60','1'),(1867,312,'temperatura','60','1'),(1868,312,'temperatura','60','1'),(1869,312,'umidita','60','1'),(1870,312,'umidita','60','1'),(1871,312,'pressione','60','1'),(1872,312,'pressione','60','1'),(1873,313,'temperatura','60','1'),(1874,313,'temperatura','60','1'),(1875,313,'umidita','60','1'),(1876,313,'umidita','60','1'),(1877,313,'pressione','60','1'),(1878,313,'pressione','60','1'),(1879,314,'temperatura','60','1'),(1880,314,'temperatura','60','1'),(1881,314,'umidita','60','1'),(1882,314,'umidita','60','1'),(1883,314,'pressione','60','1'),(1884,314,'pressione','60','1'),(1885,315,'temperatura','60','1'),(1886,315,'temperatura','60','1'),(1887,315,'umidita','60','1'),(1888,315,'umidita','60','1'),(1889,315,'pressione','60','1'),(1890,315,'pressione','60','1'),(1891,316,'temperatura','60','1'),(1892,316,'temperatura','60','1'),(1893,316,'umidita','60','1'),(1894,316,'umidita','60','1'),(1895,316,'pressione','60','1'),(1896,316,'pressione','60','1'),(1897,317,'temperatura','60','1'),(1898,317,'temperatura','60','1'),(1899,317,'umidita','60','1'),(1900,317,'umidita','60','1'),(1901,317,'pressione','60','1'),(1902,317,'pressione','60','1'),(1903,318,'temperatura','60','1'),(1904,318,'temperatura','60','1'),(1905,318,'umidita','60','1'),(1906,318,'umidita','60','1'),(1907,318,'pressione','60','1'),(1908,318,'pressione','60','1'),(1909,319,'temperatura','60','1'),(1910,319,'temperatura','60','1'),(1911,319,'umidita','60','1'),(1912,319,'umidita','60','1'),(1913,319,'pressione','60','1'),(1914,319,'pressione','60','1'),(1915,320,'temperatura','60','1'),(1916,320,'temperatura','60','1'),(1917,320,'umidita','60','1'),(1918,320,'umidita','60','1'),(1919,320,'pressione','60','1'),(1920,320,'pressione','60','1'),(1921,321,'temperatura','60','1'),(1922,321,'temperatura','60','1'),(1923,321,'umidita','60','1'),(1924,321,'umidita','60','1'),(1925,321,'pressione','60','1'),(1926,321,'pressione','60','1'),(1927,322,'temperatura','60','1'),(1928,322,'temperatura','60','1'),(1929,322,'umidita','60','1'),(1930,322,'umidita','60','1'),(1931,322,'pressione','60','1'),(1932,322,'pressione','60','1'),(1933,323,'temperatura','60','1'),(1934,323,'temperatura','60','1'),(1935,323,'umidita','60','1'),(1936,323,'umidita','60','1'),(1937,323,'pressione','60','1'),(1938,323,'pressione','60','1'),(1939,324,'temperatura','60','1'),(1940,324,'temperatura','60','1'),(1941,324,'umidita','60','1'),(1942,324,'umidita','60','1'),(1943,324,'pressione','60','1'),(1944,324,'pressione','60','1'),(1945,325,'temperatura','60','1'),(1946,325,'temperatura','60','1'),(1947,325,'umidita','60','1'),(1948,325,'umidita','60','1'),(1949,325,'pressione','60','1'),(1950,325,'pressione','60','1'),(1951,326,'temperatura','60','1'),(1952,326,'temperatura','60','1'),(1953,326,'umidita','60','1'),(1954,326,'umidita','60','1'),(1955,326,'pressione','60','1'),(1956,326,'pressione','60','1'),(1957,327,'temperatura','60','1'),(1958,327,'temperatura','60','1'),(1959,327,'umidita','60','1'),(1960,327,'umidita','60','1'),(1961,327,'pressione','60','1'),(1962,327,'pressione','60','1'),(1963,328,'temperatura','60','1'),(1964,328,'temperatura','60','1'),(1965,328,'umidita','60','1'),(1966,328,'umidita','60','1'),(1967,328,'pressione','60','1'),(1968,328,'pressione','60','1'),(1969,329,'temperatura','60','1'),(1970,329,'temperatura','60','1'),(1971,329,'umidita','60','1'),(1972,329,'umidita','60','1'),(1973,329,'pressione','60','1'),(1974,329,'pressione','60','1'),(1975,330,'temperatura','60','1'),(1976,330,'temperatura','60','1'),(1977,330,'umidita','60','1'),(1978,330,'umidita','60','1'),(1979,330,'pressione','60','1'),(1980,330,'pressione','60','1'),(1981,331,'temperatura','60','1'),(1982,331,'temperatura','60','1'),(1983,331,'umidita','60','1'),(1984,331,'umidita','60','1'),(1985,331,'pressione','60','1'),(1986,331,'pressione','60','1'),(1987,332,'temperatura','60','1'),(1988,332,'temperatura','60','1'),(1989,332,'umidita','60','1'),(1990,332,'umidita','60','1'),(1991,332,'pressione','60','1'),(1992,332,'pressione','60','1'),(1993,333,'temperatura','60','1'),(1994,333,'temperatura','60','1'),(1995,333,'umidita','60','1'),(1996,333,'umidita','60','1'),(1997,333,'pressione','60','1'),(1998,333,'pressione','60','1'),(1999,334,'temperatura','60','1'),(2000,334,'temperatura','60','1'),(2001,334,'umidita','60','1'),(2002,334,'umidita','60','1'),(2003,334,'pressione','60','1'),(2004,334,'pressione','60','1'),(2005,335,'temperatura','60','1'),(2006,335,'temperatura','60','1'),(2007,335,'umidita','60','1'),(2008,335,'umidita','60','1'),(2009,335,'pressione','60','1'),(2010,335,'pressione','60','1'),(2011,336,'temperatura','60','1'),(2012,336,'temperatura','60','1'),(2013,336,'umidita','60','1'),(2014,336,'umidita','60','1'),(2015,336,'pressione','60','1'),(2016,336,'pressione','60','1'),(2017,337,'temperatura','60','1'),(2018,337,'temperatura','60','1'),(2019,337,'umidita','60','1'),(2020,337,'umidita','60','1'),(2021,337,'pressione','60','1'),(2022,337,'pressione','60','1'),(2023,338,'temperatura','60','1'),(2024,338,'temperatura','60','1'),(2025,338,'umidita','60','1'),(2026,338,'umidita','60','1'),(2027,338,'pressione','60','1'),(2028,338,'pressione','60','1'),(2029,339,'temperatura','60','1'),(2030,339,'temperatura','60','1'),(2031,339,'umidita','60','1'),(2032,339,'umidita','60','1'),(2033,339,'pressione','60','1'),(2034,339,'pressione','60','1'),(2035,340,'temperatura','60','1'),(2036,340,'temperatura','60','1'),(2037,340,'umidita','60','1'),(2038,340,'umidita','60','1'),(2039,340,'pressione','60','1'),(2040,340,'pressione','60','1'),(2041,341,'temperatura','60','1'),(2042,341,'temperatura','60','1'),(2043,341,'umidita','60','1'),(2044,341,'umidita','60','1'),(2045,341,'pressione','60','1'),(2046,341,'pressione','60','1'),(2047,342,'temperatura','60','1'),(2048,342,'temperatura','60','1'),(2049,342,'umidita','60','1'),(2050,342,'umidita','60','1'),(2051,342,'pressione','60','1'),(2052,342,'pressione','60','1'),(2053,343,'temperatura','60','1'),(2054,343,'temperatura','60','1'),(2055,343,'umidita','60','1'),(2056,343,'umidita','60','1'),(2057,343,'pressione','60','1'),(2058,343,'pressione','60','1'),(2059,344,'temperatura','60','1'),(2060,344,'temperatura','60','1'),(2061,344,'umidita','60','1'),(2062,344,'umidita','60','1'),(2063,344,'pressione','60','1'),(2064,344,'pressione','60','1'),(2065,345,'temperatura','60','1'),(2066,345,'temperatura','60','1'),(2067,345,'umidita','60','1'),(2068,345,'umidita','60','1'),(2069,345,'pressione','60','1'),(2070,345,'pressione','60','1'),(2071,346,'temperatura','60','1'),(2072,346,'temperatura','60','1'),(2073,346,'umidita','60','1'),(2074,346,'umidita','60','1'),(2075,346,'pressione','60','1'),(2076,346,'pressione','60','1'),(2077,347,'temperatura','60','1'),(2078,347,'temperatura','60','1'),(2079,347,'umidita','60','1'),(2080,347,'umidita','60','1'),(2081,347,'pressione','60','1'),(2082,347,'pressione','60','1'),(2083,348,'temperatura','60','1'),(2084,348,'temperatura','60','1'),(2085,348,'umidita','60','1'),(2086,348,'umidita','60','1'),(2087,348,'pressione','60','1'),(2088,348,'pressione','60','1'),(2089,349,'temperatura','60','1'),(2090,349,'temperatura','60','1'),(2091,349,'umidita','60','1'),(2092,349,'umidita','60','1'),(2093,349,'pressione','60','1'),(2094,349,'pressione','60','1'),(2095,350,'temperatura','60','1'),(2096,350,'temperatura','60','1'),(2097,350,'umidita','60','1'),(2098,350,'umidita','60','1'),(2099,350,'pressione','60','1'),(2100,350,'pressione','60','1'),(2101,351,'temperatura','60','1'),(2102,351,'temperatura','60','1'),(2103,351,'umidita','60','1'),(2104,351,'umidita','60','1'),(2105,351,'pressione','60','1'),(2106,351,'pressione','60','1'),(2107,352,'temperatura','60','1'),(2108,352,'temperatura','60','1'),(2109,352,'umidita','60','1'),(2110,352,'umidita','60','1'),(2111,352,'pressione','60','1'),(2112,352,'pressione','60','1'),(2113,353,'temperatura','60','1'),(2114,353,'temperatura','60','1'),(2115,353,'umidita','60','1'),(2116,353,'umidita','60','1'),(2117,353,'pressione','60','1'),(2118,353,'pressione','60','1'),(2119,354,'temperatura','60','1'),(2120,354,'temperatura','60','1'),(2121,354,'umidita','60','1'),(2122,354,'umidita','60','1'),(2123,354,'pressione','60','1'),(2124,354,'pressione','60','1'),(2125,355,'temperatura','60','1'),(2126,355,'temperatura','60','1'),(2127,355,'umidita','60','1'),(2128,355,'umidita','60','1'),(2129,355,'pressione','60','1'),(2130,355,'pressione','60','1'),(2131,356,'temperatura','60','1'),(2132,356,'temperatura','60','1'),(2133,356,'umidita','60','1'),(2134,356,'umidita','60','1'),(2135,356,'pressione','60','1'),(2136,356,'pressione','60','1'),(2137,357,'temperatura','60','1'),(2138,357,'temperatura','60','1'),(2139,357,'umidita','60','1'),(2140,357,'umidita','60','1'),(2141,357,'pressione','60','1'),(2142,357,'pressione','60','1'),(2143,358,'temperatura','60','1'),(2144,358,'temperatura','60','1'),(2145,358,'umidita','60','1'),(2146,358,'umidita','60','1'),(2147,358,'pressione','60','1'),(2148,358,'pressione','60','1'),(2149,359,'temperatura','60','1'),(2150,359,'temperatura','60','1'),(2151,359,'umidita','60','1'),(2152,359,'umidita','60','1'),(2153,359,'pressione','60','1'),(2154,359,'pressione','60','1'),(2155,360,'temperatura','60','1'),(2156,360,'temperatura','60','1'),(2157,360,'umidita','60','1'),(2158,360,'umidita','60','1'),(2159,360,'pressione','60','1'),(2160,360,'pressione','60','1'),(2161,361,'temperatura','60','1'),(2162,361,'temperatura','60','1'),(2163,361,'umidita','60','1'),(2164,361,'umidita','60','1'),(2165,361,'pressione','60','1'),(2166,361,'pressione','60','1'),(2167,362,'temperatura','60','1'),(2168,362,'temperatura','60','1'),(2169,362,'umidita','60','1'),(2170,362,'umidita','60','1'),(2171,362,'pressione','60','1'),(2172,362,'pressione','60','1'),(2173,363,'temperatura','60','1'),(2174,363,'temperatura','60','1'),(2175,363,'umidita','60','1'),(2176,363,'umidita','60','1'),(2177,363,'pressione','60','1'),(2178,363,'pressione','60','1'),(2179,364,'temperatura','60','1'),(2180,364,'temperatura','60','1'),(2181,364,'umidita','60','1'),(2182,364,'umidita','60','1'),(2183,364,'pressione','60','1'),(2184,364,'pressione','60','1'),(2185,365,'temperatura','60','1'),(2186,365,'temperatura','60','1'),(2187,365,'umidita','60','1'),(2188,365,'umidita','60','1'),(2189,365,'pressione','60','1'),(2190,365,'pressione','60','1'),(2191,366,'temperatura','60','1'),(2192,366,'temperatura','60','1'),(2193,366,'umidita','60','1'),(2194,366,'umidita','60','1'),(2195,366,'pressione','60','1'),(2196,366,'pressione','60','1'),(2197,367,'temperatura','60','1'),(2198,367,'temperatura','60','1'),(2199,367,'umidita','60','1'),(2200,367,'umidita','60','1'),(2201,367,'pressione','60','1'),(2202,367,'pressione','60','1'),(2203,368,'temperatura','60','1'),(2204,368,'temperatura','60','1'),(2205,368,'umidita','60','1'),(2206,368,'umidita','60','1'),(2207,368,'pressione','60','1'),(2208,368,'pressione','60','1'),(2209,369,'temperatura','60','1'),(2210,369,'temperatura','60','1'),(2211,369,'umidita','60','1'),(2212,369,'umidita','60','1'),(2213,369,'pressione','60','1'),(2214,369,'pressione','60','1'),(2215,370,'temperatura','60','1'),(2216,370,'temperatura','60','1'),(2217,370,'umidita','60','1'),(2218,370,'umidita','60','1'),(2219,370,'pressione','60','1'),(2220,370,'pressione','60','1'),(2221,371,'temperatura','60','1'),(2222,371,'temperatura','60','1'),(2223,371,'umidita','60','1'),(2224,371,'umidita','60','1'),(2225,371,'pressione','60','1'),(2226,371,'pressione','60','1'),(2227,372,'temperatura','60','1'),(2228,372,'temperatura','60','1'),(2229,372,'umidita','60','1'),(2230,372,'umidita','60','1'),(2231,372,'pressione','60','1'),(2232,372,'pressione','60','1'),(2233,373,'temperatura','60','1'),(2234,373,'temperatura','60','1'),(2235,373,'umidita','60','1'),(2236,373,'umidita','60','1'),(2237,373,'pressione','60','1'),(2238,373,'pressione','60','1'),(2239,374,'temperatura','60','1'),(2240,374,'temperatura','60','1'),(2241,374,'umidita','60','1'),(2242,374,'umidita','60','1'),(2243,374,'pressione','60','1'),(2244,374,'pressione','60','1'),(2245,375,'temperatura','60','1'),(2246,375,'temperatura','60','1'),(2247,375,'umidita','60','1'),(2248,375,'umidita','60','1'),(2249,375,'pressione','60','1'),(2250,375,'pressione','60','1'),(2251,376,'temperatura','60','1'),(2252,376,'temperatura','60','1'),(2253,376,'umidita','60','1'),(2254,376,'umidita','60','1'),(2255,376,'pressione','60','1'),(2256,376,'pressione','60','1'),(2257,377,'temperatura','60','1'),(2258,377,'temperatura','60','1'),(2259,377,'umidita','60','1'),(2260,377,'umidita','60','1'),(2261,377,'pressione','60','1'),(2262,377,'pressione','60','1'),(2263,378,'temperatura','60','1'),(2264,378,'temperatura','60','1'),(2265,378,'umidita','60','1'),(2266,378,'umidita','60','1'),(2267,378,'pressione','60','1'),(2268,378,'pressione','60','1'),(2269,379,'temperatura','60','1'),(2270,379,'temperatura','60','1'),(2271,379,'umidita','60','1'),(2272,379,'umidita','60','1'),(2273,379,'pressione','60','1'),(2274,379,'pressione','60','1'),(2275,380,'temperatura','60','1'),(2276,380,'temperatura','60','1'),(2277,380,'umidita','60','1'),(2278,380,'umidita','60','1'),(2279,380,'pressione','60','1'),(2280,380,'pressione','60','1'),(2281,381,'temperatura','60','1'),(2282,381,'temperatura','60','1'),(2283,381,'umidita','60','1'),(2284,381,'umidita','60','1'),(2285,381,'pressione','60','1'),(2286,381,'pressione','60','1'),(2287,382,'temperatura','60','1'),(2288,382,'temperatura','60','1'),(2289,382,'umidita','60','1'),(2290,382,'umidita','60','1'),(2291,382,'pressione','60','1'),(2292,382,'pressione','60','1'),(2293,383,'temperatura','60','1'),(2294,383,'temperatura','60','1'),(2295,383,'umidita','60','1'),(2296,383,'umidita','60','1'),(2297,383,'pressione','60','1'),(2298,383,'pressione','60','1'),(2299,384,'temperatura','60','1'),(2300,384,'temperatura','60','1'),(2301,384,'umidita','60','1'),(2302,384,'umidita','60','1'),(2303,384,'pressione','60','1'),(2304,384,'pressione','60','1'),(2305,385,'temperatura','60','1'),(2306,385,'temperatura','60','1'),(2307,385,'umidita','60','1'),(2308,385,'umidita','60','1'),(2309,385,'pressione','60','1'),(2310,385,'pressione','60','1'),(2311,386,'temperatura','60','1'),(2312,386,'temperatura','60','1'),(2313,386,'umidita','60','1'),(2314,386,'umidita','60','1'),(2315,386,'pressione','60','1'),(2316,386,'pressione','60','1'),(2317,387,'temperatura','60','1'),(2318,387,'temperatura','60','1'),(2319,387,'umidita','60','1'),(2320,387,'umidita','60','1'),(2321,387,'pressione','60','1'),(2322,387,'pressione','60','1'),(2323,388,'temperatura','60','1'),(2324,388,'temperatura','60','1'),(2325,388,'umidita','60','1'),(2326,388,'umidita','60','1'),(2327,388,'pressione','60','1'),(2328,388,'pressione','60','1'),(2329,389,'temperatura','60','1'),(2330,389,'temperatura','60','1'),(2331,389,'umidita','60','1'),(2332,389,'umidita','60','1'),(2333,389,'pressione','60','1'),(2334,389,'pressione','60','1'),(2335,390,'temperatura','60','1'),(2336,390,'temperatura','60','1'),(2337,390,'umidita','60','1'),(2338,390,'umidita','60','1'),(2339,390,'pressione','60','1'),(2340,390,'pressione','60','1'),(2341,391,'temperatura','60','1'),(2342,391,'temperatura','60','1'),(2343,391,'umidita','60','1'),(2344,391,'umidita','60','1'),(2345,391,'pressione','60','1'),(2346,391,'pressione','60','1'),(2347,392,'temperatura','60','1'),(2348,392,'temperatura','60','1'),(2349,392,'umidita','60','1'),(2350,392,'umidita','60','1'),(2351,392,'pressione','60','1'),(2352,392,'pressione','60','1');
/*!40000 ALTER TABLE `sensore` ENABLE KEYS */;
UNLOCK TABLES;

--
-- Table structure for table `turno`
--

DROP TABLE IF EXISTS `turno`;
/*!40101 SET @saved_cs_client     = @@character_set_client */;
 SET character_set_client = utf8mb4 ;
CREATE TABLE `turno` (
  `ID` int(10) unsigned NOT NULL AUTO_INCREMENT,
  `IDamministratore` int(10) unsigned DEFAULT NULL,
  `IDresponsabilearea` int(10) unsigned DEFAULT NULL,
  `IDresponsabileedificio` int(10) unsigned DEFAULT NULL,
  `inizio_turno` datetime NOT NULL,
  PRIMARY KEY (`ID`),
  KEY `turno_amministratore` (`IDamministratore`),
  KEY `turno_responsabilearea` (`IDresponsabilearea`),
  KEY `turno_responsabileedificio` (`IDresponsabileedificio`),
  CONSTRAINT `turno_amministratore` FOREIGN KEY (`IDamministratore`) REFERENCES `amministratore` (`id`),
  CONSTRAINT `turno_responsabilearea` FOREIGN KEY (`IDresponsabilearea`) REFERENCES `responsabilearea` (`id`),
  CONSTRAINT `turno_responsabileedificio` FOREIGN KEY (`IDresponsabileedificio`) REFERENCES `responsabileedificio` (`id`)
) ENGINE=InnoDB AUTO_INCREMENT=12 DEFAULT CHARSET=utf8mb4 COLLATE=utf8mb4_0900_ai_ci;
/*!40101 SET character_set_client = @saved_cs_client */;

--
-- Dumping data for table `turno`
--

LOCK TABLES `turno` WRITE;
/*!40000 ALTER TABLE `turno` DISABLE KEYS */;
INSERT INTO `turno` VALUES (1,1,NULL,NULL,'2019-01-11 17:24:43'),(2,1,NULL,NULL,'2019-01-12 18:23:30'),(3,NULL,13,NULL,'2019-01-15 09:24:06'),(4,NULL,13,NULL,'2019-01-15 09:53:27'),(5,NULL,13,NULL,'2019-01-15 10:20:39'),(6,NULL,6,NULL,'2019-01-17 15:22:37'),(7,NULL,13,NULL,'2019-01-18 13:58:51'),(8,NULL,13,NULL,'2019-01-18 18:32:59'),(9,NULL,13,NULL,'2019-01-18 18:51:51'),(10,NULL,13,NULL,'2019-01-19 18:06:36'),(11,NULL,13,NULL,'2019-01-19 18:18:06');
/*!40000 ALTER TABLE `turno` ENABLE KEYS */;
UNLOCK TABLES;

--
-- Table structure for table `zona`
--

DROP TABLE IF EXISTS `zona`;
/*!40101 SET @saved_cs_client     = @@character_set_client */;
 SET character_set_client = utf8mb4 ;
CREATE TABLE `zona` (
  `ID` int(10) unsigned NOT NULL AUTO_INCREMENT,
  `IDarea` int(10) unsigned NOT NULL,
  `nome` varchar(100) DEFAULT NULL,
  PRIMARY KEY (`ID`),
  KEY `zona_area_idx` (`IDarea`),
  CONSTRAINT `zona_area` FOREIGN KEY (`IDarea`) REFERENCES `area` (`id`) ON UPDATE CASCADE
) ENGINE=InnoDB AUTO_INCREMENT=393 DEFAULT CHARSET=utf8mb4 COLLATE=utf8mb4_0900_ai_ci;
/*!40101 SET character_set_client = @saved_cs_client */;

--
-- Dumping data for table `zona`
--

LOCK TABLES `zona` WRITE;
/*!40000 ALTER TABLE `zona` DISABLE KEYS */;
INSERT INTO `zona` VALUES (1,1,'Stanza1'),(2,1,'Stanza2'),(3,1,'Stanza3'),(4,1,'Stanza4'),(5,1,'Stanza5'),(6,1,'Bagno'),(7,1,'Sala di attesa'),(8,1,'Corridoio'),(9,2,'Stanza1'),(10,2,'Stanza2'),(11,2,'Stanza3'),(12,2,'Stanza4'),(13,2,'Stanza5'),(14,2,'Bagno'),(15,2,'Sala di attesa'),(16,2,'Corridoio'),(17,3,'Stanza1'),(18,3,'Stanza2'),(19,3,'Stanza3'),(20,3,'Stanza4'),(21,3,'Stanza5'),(22,3,'Bagno'),(23,3,'Sala di attesa'),(24,3,'Corridoio'),(25,4,'Stanza1'),(26,4,'Stanza2'),(27,4,'Stanza3'),(28,4,'Stanza4'),(29,4,'Stanza5'),(30,4,'Bagno'),(31,4,'Sala di attesa'),(32,4,'Corridoio'),(33,5,'Stanza1'),(34,5,'Stanza2'),(35,5,'Stanza3'),(36,5,'Stanza4'),(37,5,'Stanza5'),(38,5,'Bagno'),(39,5,'Sala di attesa'),(40,5,'Corridoio'),(41,6,'Stanza1'),(42,6,'Stanza2'),(43,6,'Stanza3'),(44,6,'Stanza4'),(45,6,'Stanza5'),(46,6,'Bagno'),(47,6,'Sala di attesa'),(48,6,'Corridoio'),(49,7,'Stanza1'),(50,7,'Stanza2'),(51,7,'Stanza3'),(52,7,'Stanza4'),(53,7,'Stanza5'),(54,7,'Bagno'),(55,7,'Sala di attesa'),(56,7,'Corridoio'),(57,8,'Stanza1'),(58,8,'Stanza2'),(59,8,'Stanza3'),(60,8,'Stanza4'),(61,8,'Stanza5'),(62,8,'Bagno'),(63,8,'Sala di attesa'),(64,8,'Corridoio'),(65,9,'Stanza1'),(66,9,'Stanza2'),(67,9,'Stanza3'),(68,9,'Stanza4'),(69,9,'Stanza5'),(70,9,'Bagno'),(71,9,'Sala di attesa'),(72,9,'Corridoio'),(73,10,'Stanza1'),(74,10,'Stanza2'),(75,10,'Stanza3'),(76,10,'Stanza4'),(77,10,'Stanza5'),(78,10,'Bagno'),(79,10,'Sala di attesa'),(80,10,'Corridoio'),(81,11,'Stanza1'),(82,11,'Stanza2'),(83,11,'Stanza3'),(84,11,'Stanza4'),(85,11,'Stanza5'),(86,11,'Bagno'),(87,11,'Sala di attesa'),(88,11,'Corridoio'),(89,12,'Stanza1'),(90,12,'Stanza2'),(91,12,'Stanza3'),(92,12,'Stanza4'),(93,12,'Stanza5'),(94,12,'Bagno'),(95,12,'Sala di attesa'),(96,12,'Corridoio'),(97,13,'Stanza1'),(98,13,'Stanza2'),(99,13,'Stanza3'),(100,13,'Stanza4'),(101,13,'Stanza5'),(102,13,'Bagno'),(103,13,'Sala di attesa'),(104,13,'Corridoio'),(105,14,'Stanza1'),(106,14,'Stanza2'),(107,14,'Stanza3'),(108,14,'Stanza4'),(109,14,'Stanza5'),(110,14,'Bagno'),(111,14,'Sala di attesa'),(112,14,'Corridoio'),(113,15,'Stanza1'),(114,15,'Stanza2'),(115,15,'Stanza3'),(116,15,'Stanza4'),(117,15,'Stanza5'),(118,15,'Bagno'),(119,15,'Sala di attesa'),(120,15,'Corridoio'),(121,16,'Stanza1'),(122,16,'Stanza2'),(123,16,'Stanza3'),(124,16,'Stanza4'),(125,16,'Stanza5'),(126,16,'Bagno'),(127,16,'Sala di attesa'),(128,16,'Corridoio'),(129,17,'Stanza1'),(130,17,'Stanza2'),(131,17,'Stanza3'),(132,17,'Stanza4'),(133,17,'Stanza5'),(134,17,'Bagno'),(135,17,'Sala di attesa'),(136,17,'Corridoio'),(137,18,'Stanza1'),(138,18,'Stanza2'),(139,18,'Stanza3'),(140,18,'Stanza4'),(141,18,'Stanza5'),(142,18,'Bagno'),(143,18,'Sala di attesa'),(144,18,'Corridoio'),(145,19,'Stanza1'),(146,19,'Stanza2'),(147,19,'Stanza3'),(148,19,'Stanza4'),(149,19,'Stanza5'),(150,19,'Bagno'),(151,19,'Sala di attesa'),(152,19,'Corridoio'),(153,20,'Stanza1'),(154,20,'Stanza2'),(155,20,'Stanza3'),(156,20,'Stanza4'),(157,20,'Stanza5'),(158,20,'Bagno'),(159,20,'Sala di attesa'),(160,20,'Corridoio'),(161,21,'Stanza1'),(162,21,'Stanza2'),(163,21,'Stanza3'),(164,21,'Stanza4'),(165,21,'Stanza5'),(166,21,'Bagno'),(167,21,'Sala di attesa'),(168,21,'Corridoio'),(169,22,'Stanza1'),(170,22,'Stanza2'),(171,22,'Stanza3'),(172,22,'Stanza4'),(173,22,'Stanza5'),(174,22,'Bagno'),(175,22,'Sala di attesa'),(176,22,'Corridoio'),(177,23,'Stanza1'),(178,23,'Stanza2'),(179,23,'Stanza3'),(180,23,'Stanza4'),(181,23,'Stanza5'),(182,23,'Bagno'),(183,23,'Sala di attesa'),(184,23,'Corridoio'),(185,24,'Stanza1'),(186,24,'Stanza2'),(187,24,'Stanza3'),(188,24,'Stanza4'),(189,24,'Stanza5'),(190,24,'Bagno'),(191,24,'Sala di attesa'),(192,24,'Corridoio'),(193,25,'Stanza1'),(194,25,'Stanza2'),(195,25,'Stanza3'),(196,25,'Stanza4'),(197,25,'Stanza5'),(198,25,'Bagno'),(199,25,'Sala di attesa'),(200,25,'Corridoio'),(201,26,'Stanza1'),(202,26,'Stanza2'),(203,26,'Stanza3'),(204,26,'Stanza4'),(205,26,'Stanza5'),(206,26,'Bagno'),(207,26,'Sala di attesa'),(208,26,'Corridoio'),(209,27,'Stanza1'),(210,27,'Stanza2'),(211,27,'Stanza3'),(212,27,'Stanza4'),(213,27,'Stanza5'),(214,27,'Bagno'),(215,27,'Sala di attesa'),(216,27,'Corridoio'),(217,28,'Stanza1'),(218,28,'Stanza2'),(219,28,'Stanza3'),(220,28,'Stanza4'),(221,28,'Stanza5'),(222,28,'Bagno'),(223,28,'Sala di attesa'),(224,28,'Corridoio'),(225,29,'Stanza1'),(226,29,'Stanza2'),(227,29,'Stanza3'),(228,29,'Stanza4'),(229,29,'Stanza5'),(230,29,'Bagno'),(231,29,'Sala di attesa'),(232,29,'Corridoio'),(233,30,'Stanza1'),(234,30,'Stanza2'),(235,30,'Stanza3'),(236,30,'Stanza4'),(237,30,'Stanza5'),(238,30,'Bagno'),(239,30,'Sala di attesa'),(240,30,'Corridoio'),(241,31,'Stanza1'),(242,31,'Stanza2'),(243,31,'Stanza3'),(244,31,'Stanza4'),(245,31,'Stanza5'),(246,31,'Bagno'),(247,31,'Sala di attesa'),(248,31,'Corridoio'),(249,32,'Stanza1'),(250,32,'Stanza2'),(251,32,'Stanza3'),(252,32,'Stanza4'),(253,32,'Stanza5'),(254,32,'Bagno'),(255,32,'Sala di attesa'),(256,32,'Corridoio'),(257,33,'Stanza1'),(258,33,'Stanza2'),(259,33,'Stanza3'),(260,33,'Stanza4'),(261,33,'Stanza5'),(262,33,'Bagno'),(263,33,'Sala di attesa'),(264,33,'Corridoio'),(265,34,'Stanza1'),(266,34,'Stanza2'),(267,34,'Stanza3'),(268,34,'Stanza4'),(269,34,'Stanza5'),(270,34,'Bagno'),(271,34,'Sala di attesa'),(272,34,'Corridoio'),(273,35,'Stanza1'),(274,35,'Stanza2'),(275,35,'Stanza3'),(276,35,'Stanza4'),(277,35,'Stanza5'),(278,35,'Bagno'),(279,35,'Sala di attesa'),(280,35,'Corridoio'),(281,36,'Stanza1'),(282,36,'Stanza2'),(283,36,'Stanza3'),(284,36,'Stanza4'),(285,36,'Stanza5'),(286,36,'Bagno'),(287,36,'Sala di attesa'),(288,36,'Corridoio'),(289,37,'Stanza1'),(290,37,'Stanza2'),(291,37,'Stanza3'),(292,37,'Stanza4'),(293,37,'Stanza5'),(294,37,'Bagno'),(295,37,'Sala di attesa'),(296,37,'Corridoio'),(297,38,'Stanza1'),(298,38,'Stanza2'),(299,38,'Stanza3'),(300,38,'Stanza4'),(301,38,'Stanza5'),(302,38,'Bagno'),(303,38,'Sala di attesa'),(304,38,'Corridoio'),(305,39,'Stanza1'),(306,39,'Stanza2'),(307,39,'Stanza3'),(308,39,'Stanza4'),(309,39,'Stanza5'),(310,39,'Bagno'),(311,39,'Sala di attesa'),(312,39,'Corridoio'),(313,40,'Stanza1'),(314,40,'Stanza2'),(315,40,'Stanza3'),(316,40,'Stanza4'),(317,40,'Stanza5'),(318,40,'Bagno'),(319,40,'Sala di attesa'),(320,40,'Corridoio'),(321,41,'Stanza1'),(322,41,'Stanza2'),(323,41,'Stanza3'),(324,41,'Stanza4'),(325,41,'Stanza5'),(326,41,'Bagno'),(327,41,'Sala di attesa'),(328,41,'Corridoio'),(329,42,'Stanza1'),(330,42,'Stanza2'),(331,42,'Stanza3'),(332,42,'Stanza4'),(333,42,'Stanza5'),(334,42,'Bagno'),(335,42,'Sala di attesa'),(336,42,'Corridoio'),(337,43,'Stanza1'),(338,43,'Stanza2'),(339,43,'Stanza3'),(340,43,'Stanza4'),(341,43,'Stanza5'),(342,43,'Bagno'),(343,43,'Sala di attesa'),(344,43,'Corridoio'),(345,44,'Stanza1'),(346,44,'Stanza2'),(347,44,'Stanza3'),(348,44,'Stanza4'),(349,44,'Stanza5'),(350,44,'Bagno'),(351,44,'Sala di attesa'),(352,44,'Corridoio'),(353,45,'Stanza1'),(354,45,'Stanza2'),(355,45,'Stanza3'),(356,45,'Stanza4'),(357,45,'Stanza5'),(358,45,'Bagno'),(359,45,'Sala di attesa'),(360,45,'Corridoio'),(361,46,'Stanza1'),(362,46,'Stanza2'),(363,46,'Stanza3'),(364,46,'Stanza4'),(365,46,'Stanza5'),(366,46,'Bagno'),(367,46,'Sala di attesa'),(368,46,'Corridoio'),(369,47,'Stanza1'),(370,47,'Stanza2'),(371,47,'Stanza3'),(372,47,'Stanza4'),(373,47,'Stanza5'),(374,47,'Bagno'),(375,47,'Sala di attesa'),(376,47,'Corridoio'),(377,48,'Stanza1'),(378,48,'Stanza2'),(379,48,'Stanza3'),(380,48,'Stanza4'),(381,48,'Stanza5'),(382,48,'Bagno'),(383,48,'Sala di attesa'),(384,48,'Corridoio'),(385,49,'Stanza1'),(386,49,'Stanza2'),(387,49,'Stanza3'),(388,49,'Stanza4'),(389,49,'Stanza5'),(390,49,'Bagno'),(391,49,'Sala di attesa'),(392,49,'Corridoio');
/*!40000 ALTER TABLE `zona` ENABLE KEYS */;
UNLOCK TABLES;

--
-- Dumping events for database 'ospedale'
--

--
-- Dumping routines for database 'ospedale'
--
/*!50003 DROP PROCEDURE IF EXISTS `dato` */;
/*!50003 SET @saved_cs_client      = @@character_set_client */ ;
/*!50003 SET @saved_cs_results     = @@character_set_results */ ;
/*!50003 SET @saved_col_connection = @@collation_connection */ ;
/*!50003 SET character_set_client  = utf8mb4 */ ;
/*!50003 SET character_set_results = utf8mb4 */ ;
/*!50003 SET collation_connection  = utf8mb4_0900_ai_ci */ ;
/*!50003 SET @saved_sql_mode       = @@sql_mode */ ;
/*!50003 SET sql_mode              = 'STRICT_TRANS_TABLES,NO_ENGINE_SUBSTITUTION' */ ;
DELIMITER ;;
CREATE DEFINER=`root`@`localhost` PROCEDURE `dato`()
BEGIN
declare x varchar(25);

set x= CURRENT_TIMESTAMP();
select * from ospedale.dato 
where IDsensore=1 AND data_rilevamento > subdate(x(), INTERVAL 60 SECOND);
END ;;
DELIMITER ;
/*!50003 SET sql_mode              = @saved_sql_mode */ ;
/*!50003 SET character_set_client  = @saved_cs_client */ ;
/*!50003 SET character_set_results = @saved_cs_results */ ;
/*!50003 SET collation_connection  = @saved_col_connection */ ;
/*!50003 DROP PROCEDURE IF EXISTS `datos` */;
/*!50003 SET @saved_cs_client      = @@character_set_client */ ;
/*!50003 SET @saved_cs_results     = @@character_set_results */ ;
/*!50003 SET @saved_col_connection = @@collation_connection */ ;
/*!50003 SET character_set_client  = utf8mb4 */ ;
/*!50003 SET character_set_results = utf8mb4 */ ;
/*!50003 SET collation_connection  = utf8mb4_0900_ai_ci */ ;
/*!50003 SET @saved_sql_mode       = @@sql_mode */ ;
/*!50003 SET sql_mode              = 'STRICT_TRANS_TABLES,NO_ENGINE_SUBSTITUTION' */ ;
DELIMITER ;;
CREATE DEFINER=`root`@`localhost` PROCEDURE `datos`()
BEGIN
select * from ospedale.dato 
where IDsensore=1 AND data_rilevamento > subdate(current_timestamp(), INTERVAL 60 SECOND)
order by ID desc limit 1;
END ;;
DELIMITER ;
/*!50003 SET sql_mode              = @saved_sql_mode */ ;
/*!50003 SET character_set_client  = @saved_cs_client */ ;
/*!50003 SET character_set_results = @saved_cs_results */ ;
/*!50003 SET collation_connection  = @saved_col_connection */ ;
/*!50003 DROP PROCEDURE IF EXISTS `loops` */;
/*!50003 SET @saved_cs_client      = @@character_set_client */ ;
/*!50003 SET @saved_cs_results     = @@character_set_results */ ;
/*!50003 SET @saved_col_connection = @@collation_connection */ ;
/*!50003 SET character_set_client  = utf8mb4 */ ;
/*!50003 SET character_set_results = utf8mb4 */ ;
/*!50003 SET collation_connection  = utf8mb4_0900_ai_ci */ ;
/*!50003 SET @saved_sql_mode       = @@sql_mode */ ;
/*!50003 SET sql_mode              = 'STRICT_TRANS_TABLES,NO_ENGINE_SUBSTITUTION' */ ;
DELIMITER ;;
CREATE DEFINER=`root`@`localhost` PROCEDURE `loops`()
BEGIN
declare y int;
set y=2;
while y<50 do
insert into ospedale.zona(ID,IDarea,nome) values (null, y, "Stanza1");
insert into ospedale.zona(ID,IDarea,nome) values (null, y, "Stanza2");
insert into ospedale.zona(ID,IDarea,nome) values (null, y, "Stanza3");
insert into ospedale.zona(ID,IDarea,nome) values (null, y, "Stanza4");
insert into ospedale.zona(ID,IDarea,nome) values (null, y, "Stanza5");
insert into ospedale.zona(ID,IDarea,nome) values (null, y, "Bagno");
insert into ospedale.zona(ID,IDarea,nome) values (null, y, "Sala di attesa");
insert into ospedale.zona(ID,IDarea,nome) values (null, y, "Corridoio");
set y=y+1;
END while;
END ;;
DELIMITER ;
/*!50003 SET sql_mode              = @saved_sql_mode */ ;
/*!50003 SET character_set_client  = @saved_cs_client */ ;
/*!50003 SET character_set_results = @saved_cs_results */ ;
/*!50003 SET collation_connection  = @saved_col_connection */ ;
/*!50003 DROP PROCEDURE IF EXISTS `sensori` */;
/*!50003 SET @saved_cs_client      = @@character_set_client */ ;
/*!50003 SET @saved_cs_results     = @@character_set_results */ ;
/*!50003 SET @saved_col_connection = @@collation_connection */ ;
/*!50003 SET character_set_client  = utf8mb4 */ ;
/*!50003 SET character_set_results = utf8mb4 */ ;
/*!50003 SET collation_connection  = utf8mb4_0900_ai_ci */ ;
/*!50003 SET @saved_sql_mode       = @@sql_mode */ ;
/*!50003 SET sql_mode              = 'STRICT_TRANS_TABLES,NO_ENGINE_SUBSTITUTION' */ ;
DELIMITER ;;
CREATE DEFINER=`root`@`localhost` PROCEDURE `sensori`()
BEGIN
declare x int;
set x=3;
while x<393 do
insert into ospedale.sensore(ID,IDzona,tipo,timer_secondi,funzionamento) values (null, x, 'temperatura','60','1');
insert into ospedale.sensore(ID,IDzona,tipo,timer_secondi,funzionamento) values (null, x, 'temperatura','60','1');
insert into ospedale.sensore(ID,IDzona,tipo,timer_secondi,funzionamento) values (null, x, 'umidita','60','1');
insert into ospedale.sensore(ID,IDzona,tipo,timer_secondi,funzionamento) values (null, x, 'umidita','60','1');
insert into ospedale.sensore(ID,IDzona,tipo,timer_secondi,funzionamento) values (null, x, 'pressione','60','1');
insert into ospedale.sensore(ID,IDzona,tipo,timer_secondi,funzionamento) values (null, x, 'pressione','60','1');
set x=x+1;
END while;
END ;;
DELIMITER ;
/*!50003 SET sql_mode              = @saved_sql_mode */ ;
/*!50003 SET character_set_client  = @saved_cs_client */ ;
/*!50003 SET character_set_results = @saved_cs_results */ ;
/*!50003 SET collation_connection  = @saved_col_connection */ ;
/*!40103 SET TIME_ZONE=@OLD_TIME_ZONE */;

/*!40101 SET SQL_MODE=@OLD_SQL_MODE */;
/*!40014 SET FOREIGN_KEY_CHECKS=@OLD_FOREIGN_KEY_CHECKS */;
/*!40014 SET UNIQUE_CHECKS=@OLD_UNIQUE_CHECKS */;
/*!40101 SET CHARACTER_SET_CLIENT=@OLD_CHARACTER_SET_CLIENT */;
/*!40101 SET CHARACTER_SET_RESULTS=@OLD_CHARACTER_SET_RESULTS */;
/*!40101 SET COLLATION_CONNECTION=@OLD_COLLATION_CONNECTION */;
/*!40111 SET SQL_NOTES=@OLD_SQL_NOTES */;

-- Dump completed on 2019-01-20 19:21:57
